#
# There is insufficient memory for the Java Runtime Environment to continue.
# Native memory allocation (malloc) failed to allocate 1577544 bytes. Error detail: Chunk::new
# Possible reasons:
#   The system is out of physical RAM or swap space
#   This process is running with CompressedOops enabled, and the Java Heap may be blocking the growth of the native heap
# Possible solutions:
#   Reduce memory load on the system
#   Increase physical memory or swap space
#   Check if swap backing store is full
#   Decrease Java heap size (-Xmx/-Xms)
#   Decrease number of Java threads
#   Decrease Java thread stack sizes (-Xss)
#   Set larger code cache with -XX:ReservedCodeCacheSize=
#   JVM is running with Unscaled Compressed Oops mode in which the Java heap is
#     placed in the first 4GB address space. The Java Heap base address is the
#     maximum limit for the native heap growth. Please use -XX:HeapBaseMinAddress
#     to set the Java Heap base and to place the Java Heap above 4GB virtual address.
# This output file may be truncated or incomplete.
#
#  Out of Memory Error (arena.cpp:193), pid=26872, tid=12420
#
# JRE version: Java(TM) SE Runtime Environment (26.0.1+8) (build 26.0.1+8-34)
# Java VM: Java HotSpot(TM) 64-Bit Server VM (26.0.1+8-34, mixed mode, sharing, tiered, compressed oops, compressed class ptrs, g1 gc, windows-amd64)
# No core dump will be written. Minidumps are not enabled by default on client versions of Windows
#

---------------  S U M M A R Y ------------

Command Line: eureka-server-1.0.0.jar

Host: AMD Ryzen 5 6600H with Radeon Graphics         , 12 cores, 7G,  Windows 11 , 64 bit Build 26100 (10.0.26100.8737)
Time: Fri Jul  3 15:33:46 2026 India Standard Time elapsed time: 10.346458 seconds (0d 0h 0m 10s)

---------------  T H R E A D  ---------------

Current thread (0x00000205ac6ad0a0):  JavaThread "C2 CompilerThread1" daemon [_thread_in_native, id=12420, stack(0x00000013b3400000,0x00000013b3500000) (1024K)]


Current CompileTask:
C2:10346 6963   !   4       org.springframework.boot.loader.launch.LaunchedClassLoader::loadClass (44 bytes)

Stack: [0x00000013b3400000,0x00000013b3500000]
Native frames: (J=compiled Java code, j=interpreted, Vv=VM code, C=native code)
V  [jvm.dll+0x7d5879]  (no source info available)
V  [jvm.dll+0x7a37dd]  (no source info available)
V  [jvm.dll+0x9b0c10]  (no source info available)
V  [jvm.dll+0x9b3061]  (no source info available)
V  [jvm.dll+0x9b3773]  (no source info available)
V  [jvm.dll+0x30df76]  (no source info available)
V  [jvm.dll+0x11d8a6]  (no source info available)
V  [jvm.dll+0x11dbce]  (no source info available)
V  [jvm.dll+0x466bd1]  (no source info available)
V  [jvm.dll+0x2646fd]  (no source info available)
V  [jvm.dll+0x2d14bc]  (no source info available)
V  [jvm.dll+0x2d05bf]  (no source info available)
V  [jvm.dll+0x246820]  (no source info available)
V  [jvm.dll+0x2e06dc]  (no source info available)
V  [jvm.dll+0x2de8bd]  (no source info available)
V  [jvm.dll+0x4a3ff1]  (no source info available)
V  [jvm.dll+0x94f649]  (no source info available)
V  [jvm.dll+0x7d7358]  (no source info available)
C  [ucrtbase.dll+0x2cd30]  (no source info available)
C  [KERNEL32.DLL+0x2e957]  (no source info available)
C  [ntdll.dll+0xaad6c]  (no source info available)

Lock stack of current Java thread (top to bottom):


---------------  P R O C E S S  ---------------

Threads class SMR info:
_java_thread_list=0x00000205ab64aff0, length=62, elements={
0x0000020585162ba0, 0x00000205a4b041b0, 0x00000205a4b04c00, 0x00000205a4b0ecb0,
0x00000205a4b0f590, 0x00000205a4b0fd40, 0x00000205a4b10620, 0x00000205a4b15960,
0x00000205a4b17170, 0x00000205a4bae390, 0x00000205a4c04340, 0x00000205a4e89cd0,
0x00000205a9400270, 0x00000205a4ec3510, 0x00000205a4c14440, 0x00000205aa7a1ed0,
0x00000205ac6ad0a0, 0x00000205a95714d0, 0x00000205aa857290, 0x00000205aa857a60,
0x00000205aa855b20, 0x00000205aa8599a0, 0x00000205aa8562f0, 0x00000205aa85b8e0,
0x00000205a4f26da0, 0x00000205a4f25e00, 0x00000205a4f28510, 0x00000205a4f25630,
0x00000205a4f24e60, 0x00000205a4f2a450, 0x00000205a4f2bbc0, 0x00000205a4f29c80,
0x00000205a4f2b3f0, 0x00000205a4f2ac20, 0x00000205a4f294b0, 0x00000205a9369c30,
0x00000205a936c340, 0x00000205a9368c90, 0x00000205a936dab0, 0x00000205a936bb70,
0x00000205a936cb10, 0x00000205a936a400, 0x00000205a936e280, 0x00000205a936f220,
0x00000205a936f9f0, 0x00000205a93701c0, 0x00000205ab8e4830, 0x00000205ab8eb590,
0x00000205ac4bb960, 0x00000205ac4bc900, 0x00000205ac4be070, 0x00000205ac4bffb0,
0x00000205ac4bf7e0, 0x00000205ac4c0780, 0x00000205ac4bf010, 0x00000205ac4be840,
0x00000205a4cb1280, 0x00000205a4cb3990, 0x00000205a4cb5100, 0x00000205a4cb4930,
0x00000205a4cb7040, 0x00000205a4cb7fe0
}

Java Threads: ( => current thread )
  0x0000020585162ba0 JavaThread "main"                              [_thread_in_vm, id=2316, stack(0x00000013b1e00000,0x00000013b1f00000) (1024K)]
  0x00000205a4b041b0 JavaThread "Reference Handler"          daemon [_thread_blocked, id=33816, stack(0x00000013b2700000,0x00000013b2800000) (1024K)]
  0x00000205a4b04c00 JavaThread "Finalizer"                  daemon [_thread_blocked, id=24012, stack(0x00000013b2800000,0x00000013b2900000) (1024K)]
  0x00000205a4b0ecb0 JavaThread "Signal Dispatcher"          daemon [_thread_blocked, id=21376, stack(0x00000013b2900000,0x00000013b2a00000) (1024K)]
  0x00000205a4b0f590 JavaThread "Attach Listener"            daemon [_thread_blocked, id=9676, stack(0x00000013b2a00000,0x00000013b2b00000) (1024K)]
  0x00000205a4b0fd40 JavaThread "Service Thread"             daemon [_thread_blocked, id=10436, stack(0x00000013b2b00000,0x00000013b2c00000) (1024K)]
  0x00000205a4b10620 JavaThread "Monitor Deflation Thread"   daemon [_thread_blocked, id=20640, stack(0x00000013b2c00000,0x00000013b2d00000) (1024K)]
  0x00000205a4b15960 JavaThread "C2 CompilerThread0"         daemon [_thread_in_native, id=6232, stack(0x00000013b2d00000,0x00000013b2e00000) (1024K)]
  0x00000205a4b17170 JavaThread "C1 CompilerThread0"         daemon [_thread_blocked, id=29300, stack(0x00000013b2e00000,0x00000013b2f00000) (1024K)]
  0x00000205a4bae390 JavaThread "Notification Thread"        daemon [_thread_blocked, id=14448, stack(0x00000013b2f00000,0x00000013b3000000) (1024K)]
  0x00000205a4c04340 JavaThread "Common-Cleaner"             daemon [_thread_blocked, id=20564, stack(0x00000013b3000000,0x00000013b3100000) (1024K)]
  0x00000205a4e89cd0 JavaThread "Cleaner-0"                  daemon [_thread_blocked, id=2332, stack(0x00000013b3100000,0x00000013b3200000) (1024K)]
  0x00000205a9400270 JavaThread "InnocuousThread-1"          daemon [_thread_blocked, id=25132, stack(0x00000013b3200000,0x00000013b3300000) (1024K)]
  0x00000205a4ec3510 JavaThread "Catalina-utility-1"                [_thread_blocked, id=6576, stack(0x00000013b3500000,0x00000013b3600000) (1024K)]
  0x00000205a4c14440 JavaThread "Catalina-utility-2"                [_thread_blocked, id=24244, stack(0x00000013b4000000,0x00000013b4100000) (1024K)]
  0x00000205aa7a1ed0 JavaThread "container-0"                       [_thread_blocked, id=6952, stack(0x00000013b4100000,0x00000013b4200000) (1024K)]
=>0x00000205ac6ad0a0 JavaThread "C2 CompilerThread1"         daemon [_thread_in_native, id=12420, stack(0x00000013b3400000,0x00000013b3500000) (1024K)]
  0x00000205a95714d0 JavaThread "spring.cloud.inetutils"     daemon [_thread_blocked, id=32092, stack(0x00000013b4200000,0x00000013b4300000) (1024K)]
  0x00000205aa857290 JavaThread "Eureka-DeltaRetentionTimer" daemon [_thread_blocked, id=23952, stack(0x00000013b4300000,0x00000013b4400000) (1024K)]
  0x00000205aa857a60 JavaThread "Eureka-EvictionTimer"       daemon [_thread_blocked, id=7728, stack(0x00000013b4400000,0x00000013b4500000) (1024K)]
  0x00000205aa855b20 JavaThread "Eureka-MeasureRateTimer"    daemon [_thread_blocked, id=17472, stack(0x00000013b4500000,0x00000013b4600000) (1024K)]
  0x00000205aa8599a0 JavaThread "ReplicaAwareInstanceRegistry - RenewalThresholdUpdater" daemon [_thread_blocked, id=33952, stack(0x00000013b4600000,0x00000013b4700000) (1024K)]
  0x00000205aa8562f0 JavaThread "Eureka-MeasureRateTimer"    daemon [_thread_blocked, id=24028, stack(0x00000013b4700000,0x00000013b4800000) (1024K)]
  0x00000205aa85b8e0 JavaThread "Eureka-Jersey3Client-Conn-Cleaner2" daemon [_thread_blocked, id=30912, stack(0x00000013b4800000,0x00000013b4900000) (1024K)]
  0x00000205a4f26da0 JavaThread "TaskAcceptor-target_localhost" daemon [_thread_blocked, id=29196, stack(0x00000013b4900000,0x00000013b4a00000) (1024K)]
  0x00000205a4f25e00 JavaThread "StatsMonitor-0"             daemon [_thread_blocked, id=7984, stack(0x00000013b4a00000,0x00000013b4b00000) (1024K)]
  0x00000205a4f28510 JavaThread "TaskBatchingWorker-target_localhost-0" daemon [_thread_blocked, id=32660, stack(0x00000013b4b00000,0x00000013b4c00000) (1024K)]
  0x00000205a4f25630 JavaThread "TaskBatchingWorker-target_localhost-1" daemon [_thread_blocked, id=6864, stack(0x00000013b4c00000,0x00000013b4d00000) (1024K)]
  0x00000205a4f24e60 JavaThread "TaskBatchingWorker-target_localhost-2" daemon [_thread_blocked, id=34212, stack(0x00000013b4d00000,0x00000013b4e00000) (1024K)]
  0x00000205a4f2a450 JavaThread "TaskBatchingWorker-target_localhost-3" daemon [_thread_blocked, id=4404, stack(0x00000013b4e00000,0x00000013b4f00000) (1024K)]
  0x00000205a4f2bbc0 JavaThread "TaskBatchingWorker-target_localhost-4" daemon [_thread_blocked, id=13372, stack(0x00000013b4f00000,0x00000013b5000000) (1024K)]
  0x00000205a4f29c80 JavaThread "TaskBatchingWorker-target_localhost-5" daemon [_thread_blocked, id=21352, stack(0x00000013b5000000,0x00000013b5100000) (1024K)]
  0x00000205a4f2b3f0 JavaThread "TaskBatchingWorker-target_localhost-6" daemon [_thread_blocked, id=4672, stack(0x00000013b5100000,0x00000013b5200000) (1024K)]
  0x00000205a4f2ac20 JavaThread "TaskBatchingWorker-target_localhost-7" daemon [_thread_blocked, id=24948, stack(0x00000013b5200000,0x00000013b5300000) (1024K)]
  0x00000205a4f294b0 JavaThread "TaskBatchingWorker-target_localhost-8" daemon [_thread_blocked, id=21332, stack(0x00000013b5300000,0x00000013b5400000) (1024K)]
  0x00000205a9369c30 JavaThread "TaskBatchingWorker-target_localhost-9" daemon [_thread_blocked, id=22784, stack(0x00000013b5400000,0x00000013b5500000) (1024K)]
  0x00000205a936c340 JavaThread "TaskBatchingWorker-target_localhost-10" daemon [_thread_blocked, id=33704, stack(0x00000013b5500000,0x00000013b5600000) (1024K)]
  0x00000205a9368c90 JavaThread "TaskBatchingWorker-target_localhost-11" daemon [_thread_blocked, id=3168, stack(0x00000013b5600000,0x00000013b5700000) (1024K)]
  0x00000205a936dab0 JavaThread "TaskBatchingWorker-target_localhost-12" daemon [_thread_blocked, id=27448, stack(0x00000013b5700000,0x00000013b5800000) (1024K)]
  0x00000205a936bb70 JavaThread "TaskBatchingWorker-target_localhost-13" daemon [_thread_blocked, id=29980, stack(0x00000013b5800000,0x00000013b5900000) (1024K)]
  0x00000205a936cb10 JavaThread "TaskBatchingWorker-target_localhost-14" daemon [_thread_blocked, id=25856, stack(0x00000013b5900000,0x00000013b5a00000) (1024K)]
  0x00000205a936a400 JavaThread "TaskBatchingWorker-target_localhost-15" daemon [_thread_blocked, id=22020, stack(0x00000013b5a00000,0x00000013b5b00000) (1024K)]
  0x00000205a936e280 JavaThread "TaskBatchingWorker-target_localhost-16" daemon [_thread_blocked, id=12836, stack(0x00000013b5b00000,0x00000013b5c00000) (1024K)]
  0x00000205a936f220 JavaThread "TaskBatchingWorker-target_localhost-17" daemon [_thread_blocked, id=30324, stack(0x00000013b5c00000,0x00000013b5d00000) (1024K)]
  0x00000205a936f9f0 JavaThread "TaskBatchingWorker-target_localhost-18" daemon [_thread_blocked, id=18588, stack(0x00000013b5d00000,0x00000013b5e00000) (1024K)]
  0x00000205a93701c0 JavaThread "TaskBatchingWorker-target_localhost-19" daemon [_thread_blocked, id=24156, stack(0x00000013b5e00000,0x00000013b5f00000) (1024K)]
  0x00000205ab8e4830 JavaThread "TaskAcceptor-localhost"     daemon [_thread_blocked, id=15952, stack(0x00000013b5f00000,0x00000013b6000000) (1024K)]
  0x00000205ab8eb590 JavaThread "TaskNonBatchingWorker-localhost-0" daemon [_thread_blocked, id=21296, stack(0x00000013b6000000,0x00000013b6100000) (1024K)]
  0x00000205ac4bb960 JavaThread "Eureka-PeerNodesUpdater"    daemon [_thread_blocked, id=32016, stack(0x00000013b6100000,0x00000013b6200000) (1024K)]
  0x00000205ac4bc900 JavaThread "Eureka-CacheFillTimer"      daemon [_thread_blocked, id=30700, stack(0x00000013b6200000,0x00000013b6300000) (1024K)]
  0x00000205ac4be070 JavaThread "http-nio-8761-exec-1"       daemon [_thread_blocked, id=20256, stack(0x00000013b6400000,0x00000013b6500000) (1024K)]
  0x00000205ac4bffb0 JavaThread "http-nio-8761-exec-2"       daemon [_thread_blocked, id=31104, stack(0x00000013b6500000,0x00000013b6600000) (1024K)]
  0x00000205ac4bf7e0 JavaThread "http-nio-8761-exec-3"       daemon [_thread_blocked, id=23208, stack(0x00000013b6600000,0x00000013b6700000) (1024K)]
  0x00000205ac4c0780 JavaThread "http-nio-8761-exec-4"       daemon [_thread_blocked, id=1052, stack(0x00000013b6700000,0x00000013b6800000) (1024K)]
  0x00000205ac4bf010 JavaThread "http-nio-8761-exec-5"       daemon [_thread_blocked, id=33700, stack(0x00000013b6800000,0x00000013b6900000) (1024K)]
  0x00000205ac4be840 JavaThread "http-nio-8761-exec-6"       daemon [_thread_blocked, id=18328, stack(0x00000013b6900000,0x00000013b6a00000) (1024K)]
  0x00000205a4cb1280 JavaThread "http-nio-8761-exec-7"       daemon [_thread_blocked, id=23564, stack(0x00000013b6a00000,0x00000013b6b00000) (1024K)]
  0x00000205a4cb3990 JavaThread "http-nio-8761-exec-8"       daemon [_thread_blocked, id=10128, stack(0x00000013b6b00000,0x00000013b6c00000) (1024K)]
  0x00000205a4cb5100 JavaThread "http-nio-8761-exec-9"       daemon [_thread_blocked, id=23140, stack(0x00000013b6c00000,0x00000013b6d00000) (1024K)]
  0x00000205a4cb4930 JavaThread "http-nio-8761-exec-10"      daemon [_thread_blocked, id=25256, stack(0x00000013b6d00000,0x00000013b6e00000) (1024K)]
  0x00000205a4cb7040 JavaThread "http-nio-8761-Poller"       daemon [_thread_in_native, id=30940, stack(0x00000013b6e00000,0x00000013b6f00000) (1024K)]
  0x00000205a4cb7fe0 JavaThread "http-nio-8761-Acceptor"     daemon [_thread_in_native, id=28968, stack(0x00000013b6f00000,0x00000013b7000000) (1024K)]
Total: 62

Other Threads:
  0x00000205a4af3240 VMThread "VM Thread"                           [id=5224, stack(0x00000013b2600000,0x00000013b2700000) (1024K)]
  0x0000020587577500 WatcherThread "VM Periodic Task Thread"        [id=28380, stack(0x00000013b2500000,0x00000013b2600000) (1024K)]
  0x000002058755c400 WorkerThread "GC Thread#0"                     [id=21024, stack(0x00000013b1f00000,0x00000013b2000000) (1024K)]
  0x00000205a91f20d0 WorkerThread "GC Thread#1"                     [id=30096, stack(0x00000013b3300000,0x00000013b3400000) (1024K)]
  0x00000205aaf74d90 WorkerThread "GC Thread#2"                     [id=1788, stack(0x00000013b3600000,0x00000013b3700000) (1024K)]
  0x00000205aaf59090 WorkerThread "GC Thread#3"                     [id=12080, stack(0x00000013b3800000,0x00000013b3900000) (1024K)]
  0x00000205aafa4d80 WorkerThread "GC Thread#4"                     [id=15152, stack(0x00000013b3900000,0x00000013b3a00000) (1024K)]
  0x00000205a9dcd2e0 WorkerThread "GC Thread#5"                     [id=7400, stack(0x00000013b3a00000,0x00000013b3b00000) (1024K)]
  0x00000205a9dcd730 WorkerThread "GC Thread#6"                     [id=25752, stack(0x00000013b3c00000,0x00000013b3d00000) (1024K)]
  0x00000205a9dce870 WorkerThread "GC Thread#7"                     [id=984, stack(0x00000013b3d00000,0x00000013b3e00000) (1024K)]
  0x00000205a9dcdb80 WorkerThread "GC Thread#8"                     [id=7128, stack(0x00000013b3e00000,0x00000013b3f00000) (1024K)]
  0x00000205aa367de0 WorkerThread "GC Thread#9"                     [id=28392, stack(0x00000013b3f00000,0x00000013b4000000) (1024K)]
  0x0000020587572ec0 ConcurrentGCThread "G1 Main Marker"            [id=9840, stack(0x00000013b2000000,0x00000013b2100000) (1024K)]
  0x0000020587574890 WorkerThread "G1 Conc#0"                       [id=928, stack(0x00000013b2100000,0x00000013b2200000) (1024K)]
  0x00000205aa367540 WorkerThread "G1 Conc#1"                       [id=20612, stack(0x00000013b3700000,0x00000013b3800000) (1024K)]
  0x00000205aa364e70 WorkerThread "G1 Conc#2"                       [id=5516, stack(0x00000013b3b00000,0x00000013b3c00000) (1024K)]
  0x00000205875c7b90 WorkerThread "G1 Refinement Workers#0"         [id=20048, stack(0x00000013b2300000,0x00000013b2400000) (1024K)]
  0x00000205875c45b0 ConcurrentGCThread "G1 Refine Control"         [id=33372, stack(0x00000013b2200000,0x00000013b2300000) (1024K)]
  0x00000205875d0110 ConcurrentGCThread "G1 Service"                [id=23844, stack(0x00000013b2400000,0x00000013b2500000) (1024K)]
Total: 19

Threads with active compile tasks:
C2 CompilerThread0  10464 7062       4       org.springframework.core.annotation.TypeMappedAnnotations::scan (66 bytes)
C2 CompilerThread1  10464 6963   !   4       org.springframework.boot.loader.launch.LaunchedClassLoader::loadClass (44 bytes)
Total: 2

VM state: not at safepoint (normal execution)

VM Mutex/Monitor currently owned by a thread: None

Heap address: 0x000000008ce00000, size: 1842 MB, Compressed Oops mode: 32-bit

CDS archive(s) mapped at: [0x000000001f000000-0x000000001fde0000-0x000000001fde0000), size 14548992, SharedBaseAddress: 0x000000001f000000, ArchiveRelocationMode: 1.
Compressed class space mapped at: 0x0000000020000000-0x0000000060000000, reserved size: 1073741824
UseCompressedClassPointers 1, UseCompactObjectHeaders 0
Narrow klass pointer bits 32, Max shift 3
Narrow klass base: 0x000000001f000000, Narrow klass shift: 0
Encoding Range: [0x000000001f000000 - 0x000000011f000000), (4294967296 bytes)
Klass Range:    [0x000000001f000000 - 0x0000000060000000), (1090519040 bytes)
Klass ID Range:  [8 - 1090519033) (1090519025)
Protection zone: [0x000000001f000000 - 0x000000001f010000), (65536 bytes)

GC Precious Log:
 CardTable entry size: 512
 Card Set container configuration: InlinePtr #cards 5 size 8 Array Of Cards #cards 10 size 36 Howl #buckets 4 coarsen threshold 1843 Howl Bitmap #cards 512 size 80 coarsen threshold 460 Card regions per heap region 1 cards per card region 2048
 CPUs: 12 total, 12 available
 Memory: 7365M
 Large Page Support: Disabled
 NUMA Support: Disabled
 Compressed Oops: Enabled (32-bit)
 Heap Region Size: 1M
 Heap Min Capacity: 8M
 Heap Initial Capacity: 8M
 Heap Max Capacity: 1842M
 Pre-touch: Disabled
 Parallel Workers: 10
 Concurrent Workers: 3
 Concurrent Refinement Workers: 10
 Periodic GC: Disabled

Heap:
 garbage-first heap   total reserved 1886208K, committed 271360K, used 130721K [0x000000008ce00000, 0x0000000100000000)
  region size 1M, 102 eden (102M), 17 survivor (17M), 12 old (12M), 0 humongous (0M), 134 free (134M)

Heap Regions: E=young(eden), S=young(survivor), O=old, HS=humongous(starts), HC=humongous(continues), CS=collection set, F=free, TAMS=top-at-mark-start, PB=parsable bottom
|    0|0x000000008ce00000, 0x000000008cf00000, 0x000000008cf00000|100%| O|  |TAMS 0x000000008ce00000| PB 0x000000008ce00000| Untracked |  0
|    1|0x000000008cf00000, 0x000000008d000000, 0x000000008d000000|100%| O|  |TAMS 0x000000008cf00000| PB 0x000000008cf00000| Untracked |  0
|    2|0x000000008d000000, 0x000000008d100000, 0x000000008d100000|100%| O|  |TAMS 0x000000008d000000| PB 0x000000008d000000| Untracked |  0
|    3|0x000000008d100000, 0x000000008d200000, 0x000000008d200000|100%| O|  |TAMS 0x000000008d100000| PB 0x000000008d100000| Untracked |  0
|    4|0x000000008d200000, 0x000000008d300000, 0x000000008d300000|100%| O|  |TAMS 0x000000008d200000| PB 0x000000008d200000| Untracked |  0
|    5|0x000000008d300000, 0x000000008d400000, 0x000000008d400000|100%| O|  |TAMS 0x000000008d300000| PB 0x000000008d300000| Untracked |  0
|    6|0x000000008d400000, 0x000000008d500000, 0x000000008d500000|100%| O|  |TAMS 0x000000008d400000| PB 0x000000008d400000| Untracked |  0
|    7|0x000000008d500000, 0x000000008d600000, 0x000000008d600000|100%| O|  |TAMS 0x000000008d500000| PB 0x000000008d500000| Untracked |  0
|    8|0x000000008d600000, 0x000000008d700000, 0x000000008d700000|100%| O|Cm|TAMS 0x000000008d600000| PB 0x000000008d600000| Complete  |  0
|    9|0x000000008d700000, 0x000000008d800000, 0x000000008d800000|100%| O|  |TAMS 0x000000008d700000| PB 0x000000008d700000| Untracked |  0
|   10|0x000000008d800000, 0x000000008d8f8c40, 0x000000008d900000| 97%| O|  |TAMS 0x000000008d800000| PB 0x000000008d800000| Untracked |  0
|   11|0x000000008d900000, 0x000000008d900000, 0x000000008da00000|  0%| F|  |TAMS 0x000000008d900000| PB 0x000000008d900000| Untracked |  0
|   12|0x000000008da00000, 0x000000008da00000, 0x000000008db00000|  0%| F|  |TAMS 0x000000008da00000| PB 0x000000008da00000| Untracked |  0
|   13|0x000000008db00000, 0x000000008db00000, 0x000000008dc00000|  0%| F|  |TAMS 0x000000008db00000| PB 0x000000008db00000| Untracked |  0
|   14|0x000000008dc00000, 0x000000008dc00000, 0x000000008dd00000|  0%| F|  |TAMS 0x000000008dc00000| PB 0x000000008dc00000| Untracked |  0
|   15|0x000000008dd00000, 0x000000008dd00000, 0x000000008de00000|  0%| F|  |TAMS 0x000000008dd00000| PB 0x000000008dd00000| Untracked |  0
|   16|0x000000008de00000, 0x000000008de00000, 0x000000008df00000|  0%| F|  |TAMS 0x000000008de00000| PB 0x000000008de00000| Untracked |  0
|   17|0x000000008df00000, 0x000000008df00000, 0x000000008e000000|  0%| F|  |TAMS 0x000000008df00000| PB 0x000000008df00000| Untracked |  0
|   18|0x000000008e000000, 0x000000008e000000, 0x000000008e100000|  0%| F|  |TAMS 0x000000008e000000| PB 0x000000008e000000| Untracked |  0
|   19|0x000000008e100000, 0x000000008e100000, 0x000000008e200000|  0%| F|  |TAMS 0x000000008e100000| PB 0x000000008e100000| Untracked |  0
|   20|0x000000008e200000, 0x000000008e200000, 0x000000008e300000|  0%| F|  |TAMS 0x000000008e200000| PB 0x000000008e200000| Untracked |  0
|   21|0x000000008e300000, 0x000000008e300000, 0x000000008e400000|  0%| F|  |TAMS 0x000000008e300000| PB 0x000000008e300000| Untracked |  0
|   22|0x000000008e400000, 0x000000008e400000, 0x000000008e500000|  0%| F|  |TAMS 0x000000008e400000| PB 0x000000008e400000| Untracked |  0
|   23|0x000000008e500000, 0x000000008e500000, 0x000000008e600000|  0%| F|  |TAMS 0x000000008e500000| PB 0x000000008e500000| Untracked |  0
|   24|0x000000008e600000, 0x000000008e600000, 0x000000008e700000|  0%| F|  |TAMS 0x000000008e600000| PB 0x000000008e600000| Untracked |  0
|   25|0x000000008e700000, 0x000000008e700000, 0x000000008e800000|  0%| F|  |TAMS 0x000000008e700000| PB 0x000000008e700000| Untracked |  0
|   26|0x000000008e800000, 0x000000008e800000, 0x000000008e900000|  0%| F|  |TAMS 0x000000008e800000| PB 0x000000008e800000| Untracked |  0
|   27|0x000000008e900000, 0x000000008e900000, 0x000000008ea00000|  0%| F|  |TAMS 0x000000008e900000| PB 0x000000008e900000| Untracked |  0
|   28|0x000000008ea00000, 0x000000008ea00000, 0x000000008eb00000|  0%| F|  |TAMS 0x000000008ea00000| PB 0x000000008ea00000| Untracked |  0
|   29|0x000000008eb00000, 0x000000008eb00000, 0x000000008ec00000|  0%| F|  |TAMS 0x000000008eb00000| PB 0x000000008eb00000| Untracked |  0
|   30|0x000000008ec00000, 0x000000008ec00000, 0x000000008ed00000|  0%| F|  |TAMS 0x000000008ec00000| PB 0x000000008ec00000| Untracked |  0
|   31|0x000000008ed00000, 0x000000008ed00000, 0x000000008ee00000|  0%| F|  |TAMS 0x000000008ed00000| PB 0x000000008ed00000| Untracked |  0
|   32|0x000000008ee00000, 0x000000008ee00000, 0x000000008ef00000|  0%| F|  |TAMS 0x000000008ee00000| PB 0x000000008ee00000| Untracked |  0
|   33|0x000000008ef00000, 0x000000008ef00000, 0x000000008f000000|  0%| F|  |TAMS 0x000000008ef00000| PB 0x000000008ef00000| Untracked |  0
|   34|0x000000008f000000, 0x000000008f000000, 0x000000008f100000|  0%| F|  |TAMS 0x000000008f000000| PB 0x000000008f000000| Untracked |  0
|   35|0x000000008f100000, 0x000000008f100000, 0x000000008f200000|  0%| F|  |TAMS 0x000000008f100000| PB 0x000000008f100000| Untracked |  0
|   36|0x000000008f200000, 0x000000008f200000, 0x000000008f300000|  0%| F|  |TAMS 0x000000008f200000| PB 0x000000008f200000| Untracked |  0
|   37|0x000000008f300000, 0x000000008f300000, 0x000000008f400000|  0%| F|  |TAMS 0x000000008f300000| PB 0x000000008f300000| Untracked |  0
|   38|0x000000008f400000, 0x000000008f400000, 0x000000008f500000|  0%| F|  |TAMS 0x000000008f400000| PB 0x000000008f400000| Untracked |  0
|   39|0x000000008f500000, 0x000000008f500000, 0x000000008f600000|  0%| F|  |TAMS 0x000000008f500000| PB 0x000000008f500000| Untracked |  0
|   40|0x000000008f600000, 0x000000008f600000, 0x000000008f700000|  0%| F|  |TAMS 0x000000008f600000| PB 0x000000008f600000| Untracked |  0
|   41|0x000000008f700000, 0x000000008f700000, 0x000000008f800000|  0%| F|  |TAMS 0x000000008f700000| PB 0x000000008f700000| Untracked |  0
|   42|0x000000008f800000, 0x000000008f800000, 0x000000008f900000|  0%| F|  |TAMS 0x000000008f800000| PB 0x000000008f800000| Untracked |  0
|   43|0x000000008f900000, 0x000000008f900000, 0x000000008fa00000|  0%| F|  |TAMS 0x000000008f900000| PB 0x000000008f900000| Untracked |  0
|   44|0x000000008fa00000, 0x000000008fa00000, 0x000000008fb00000|  0%| F|  |TAMS 0x000000008fa00000| PB 0x000000008fa00000| Untracked |  0
|   45|0x000000008fb00000, 0x000000008fb00000, 0x000000008fc00000|  0%| F|  |TAMS 0x000000008fb00000| PB 0x000000008fb00000| Untracked |  0
|   46|0x000000008fc00000, 0x000000008fc00000, 0x000000008fd00000|  0%| F|  |TAMS 0x000000008fc00000| PB 0x000000008fc00000| Untracked |  0
|   47|0x000000008fd00000, 0x000000008fd00000, 0x000000008fe00000|  0%| F|  |TAMS 0x000000008fd00000| PB 0x000000008fd00000| Untracked |  0
|   48|0x000000008fe00000, 0x000000008fe00000, 0x000000008ff00000|  0%| F|  |TAMS 0x000000008fe00000| PB 0x000000008fe00000| Untracked |  0
|   49|0x000000008ff00000, 0x000000008ff00000, 0x0000000090000000|  0%| F|  |TAMS 0x000000008ff00000| PB 0x000000008ff00000| Untracked |  0
|   50|0x0000000090000000, 0x0000000090000000, 0x0000000090100000|  0%| F|  |TAMS 0x0000000090000000| PB 0x0000000090000000| Untracked |  0
|   51|0x0000000090100000, 0x0000000090100000, 0x0000000090200000|  0%| F|  |TAMS 0x0000000090100000| PB 0x0000000090100000| Untracked |  0
|   52|0x0000000090200000, 0x0000000090200000, 0x0000000090300000|  0%| F|  |TAMS 0x0000000090200000| PB 0x0000000090200000| Untracked |  0
|   53|0x0000000090300000, 0x0000000090300000, 0x0000000090400000|  0%| F|  |TAMS 0x0000000090300000| PB 0x0000000090300000| Untracked |  0
|   54|0x0000000090400000, 0x0000000090400000, 0x0000000090500000|  0%| F|  |TAMS 0x0000000090400000| PB 0x0000000090400000| Untracked |  0
|   55|0x0000000090500000, 0x0000000090500000, 0x0000000090600000|  0%| F|  |TAMS 0x0000000090500000| PB 0x0000000090500000| Untracked |  0
|   56|0x0000000090600000, 0x0000000090600000, 0x0000000090700000|  0%| F|  |TAMS 0x0000000090600000| PB 0x0000000090600000| Untracked |  0
|   57|0x0000000090700000, 0x0000000090700000, 0x0000000090800000|  0%| F|  |TAMS 0x0000000090700000| PB 0x0000000090700000| Untracked |  0
|   58|0x0000000090800000, 0x0000000090800000, 0x0000000090900000|  0%| F|  |TAMS 0x0000000090800000| PB 0x0000000090800000| Untracked |  0
|   59|0x0000000090900000, 0x0000000090900000, 0x0000000090a00000|  0%| F|  |TAMS 0x0000000090900000| PB 0x0000000090900000| Untracked |  0
|   60|0x0000000090a00000, 0x0000000090a00000, 0x0000000090b00000|  0%| F|  |TAMS 0x0000000090a00000| PB 0x0000000090a00000| Untracked |  0
|   61|0x0000000090b00000, 0x0000000090b00000, 0x0000000090c00000|  0%| F|  |TAMS 0x0000000090b00000| PB 0x0000000090b00000| Untracked |  0
|   62|0x0000000090c00000, 0x0000000090c00000, 0x0000000090d00000|  0%| F|  |TAMS 0x0000000090c00000| PB 0x0000000090c00000| Untracked |  0
|   63|0x0000000090d00000, 0x0000000090d00000, 0x0000000090e00000|  0%| F|  |TAMS 0x0000000090d00000| PB 0x0000000090d00000| Untracked |  0
|   64|0x0000000090e00000, 0x0000000090e00000, 0x0000000090f00000|  0%| F|  |TAMS 0x0000000090e00000| PB 0x0000000090e00000| Untracked |  0
|   65|0x0000000090f00000, 0x0000000090f00000, 0x0000000091000000|  0%| F|  |TAMS 0x0000000090f00000| PB 0x0000000090f00000| Untracked |  0
|   66|0x0000000091000000, 0x0000000091000000, 0x0000000091100000|  0%| F|  |TAMS 0x0000000091000000| PB 0x0000000091000000| Untracked |  0
|   67|0x0000000091100000, 0x0000000091100000, 0x0000000091200000|  0%| F|  |TAMS 0x0000000091100000| PB 0x0000000091100000| Untracked |  0
|   68|0x0000000091200000, 0x0000000091200000, 0x0000000091300000|  0%| F|  |TAMS 0x0000000091200000| PB 0x0000000091200000| Untracked |  0
|   69|0x0000000091300000, 0x0000000091300000, 0x0000000091400000|  0%| F|  |TAMS 0x0000000091300000| PB 0x0000000091300000| Untracked |  0
|   70|0x0000000091400000, 0x0000000091400000, 0x0000000091500000|  0%| F|  |TAMS 0x0000000091400000| PB 0x0000000091400000| Untracked |  0
|   71|0x0000000091500000, 0x0000000091500000, 0x0000000091600000|  0%| F|  |TAMS 0x0000000091500000| PB 0x0000000091500000| Untracked |  0
|   72|0x0000000091600000, 0x0000000091600000, 0x0000000091700000|  0%| F|  |TAMS 0x0000000091600000| PB 0x0000000091600000| Untracked |  0
|   73|0x0000000091700000, 0x0000000091700000, 0x0000000091800000|  0%| F|  |TAMS 0x0000000091700000| PB 0x0000000091700000| Untracked |  0
|   74|0x0000000091800000, 0x0000000091800000, 0x0000000091900000|  0%| F|  |TAMS 0x0000000091800000| PB 0x0000000091800000| Untracked |  0
|   75|0x0000000091900000, 0x0000000091900000, 0x0000000091a00000|  0%| F|  |TAMS 0x0000000091900000| PB 0x0000000091900000| Untracked |  0
|   76|0x0000000091a00000, 0x0000000091a00000, 0x0000000091b00000|  0%| F|  |TAMS 0x0000000091a00000| PB 0x0000000091a00000| Untracked |  0
|   77|0x0000000091b00000, 0x0000000091b00000, 0x0000000091c00000|  0%| F|  |TAMS 0x0000000091b00000| PB 0x0000000091b00000| Untracked |  0
|   78|0x0000000091c00000, 0x0000000091c00000, 0x0000000091d00000|  0%| F|  |TAMS 0x0000000091c00000| PB 0x0000000091c00000| Untracked |  0
|   79|0x0000000091d00000, 0x0000000091d00000, 0x0000000091e00000|  0%| F|  |TAMS 0x0000000091d00000| PB 0x0000000091d00000| Untracked |  0
|   80|0x0000000091e00000, 0x0000000091e00000, 0x0000000091f00000|  0%| F|  |TAMS 0x0000000091e00000| PB 0x0000000091e00000| Untracked |  0
|   81|0x0000000091f00000, 0x0000000091f00000, 0x0000000092000000|  0%| F|  |TAMS 0x0000000091f00000| PB 0x0000000091f00000| Untracked |  0
|   82|0x0000000092000000, 0x0000000092000000, 0x0000000092100000|  0%| F|  |TAMS 0x0000000092000000| PB 0x0000000092000000| Untracked |  0
|   83|0x0000000092100000, 0x0000000092100000, 0x0000000092200000|  0%| F|  |TAMS 0x0000000092100000| PB 0x0000000092100000| Untracked |  0
|   84|0x0000000092200000, 0x0000000092200000, 0x0000000092300000|  0%| F|  |TAMS 0x0000000092200000| PB 0x0000000092200000| Untracked |  0
|   85|0x0000000092300000, 0x0000000092300000, 0x0000000092400000|  0%| F|  |TAMS 0x0000000092300000| PB 0x0000000092300000| Untracked |  0
|   86|0x0000000092400000, 0x0000000092400000, 0x0000000092500000|  0%| F|  |TAMS 0x0000000092400000| PB 0x0000000092400000| Untracked |  0
|   87|0x0000000092500000, 0x0000000092500000, 0x0000000092600000|  0%| F|  |TAMS 0x0000000092500000| PB 0x0000000092500000| Untracked |  0
|   88|0x0000000092600000, 0x00000000926af900, 0x0000000092700000| 68%| S|CS|TAMS 0x0000000092600000| PB 0x0000000092600000| Complete  |  0
|   89|0x0000000092700000, 0x0000000092800000, 0x0000000092800000|100%| S|CS|TAMS 0x0000000092700000| PB 0x0000000092700000| Complete  |  0
|   90|0x0000000092800000, 0x0000000092900000, 0x0000000092900000|100%| S|CS|TAMS 0x0000000092800000| PB 0x0000000092800000| Complete  |  0
|   91|0x0000000092900000, 0x0000000092a00000, 0x0000000092a00000|100%| S|CS|TAMS 0x0000000092900000| PB 0x0000000092900000| Complete  |  0
|   92|0x0000000092a00000, 0x0000000092b00000, 0x0000000092b00000|100%| S|CS|TAMS 0x0000000092a00000| PB 0x0000000092a00000| Complete  |  0
|   93|0x0000000092b00000, 0x0000000092c00000, 0x0000000092c00000|100%| S|CS|TAMS 0x0000000092b00000| PB 0x0000000092b00000| Complete  |  0
|   94|0x0000000092c00000, 0x0000000092d00000, 0x0000000092d00000|100%| S|CS|TAMS 0x0000000092c00000| PB 0x0000000092c00000| Complete  |  0
|   95|0x0000000092d00000, 0x0000000092e00000, 0x0000000092e00000|100%| S|CS|TAMS 0x0000000092d00000| PB 0x0000000092d00000| Complete  |  0
|   96|0x0000000092e00000, 0x0000000092f00000, 0x0000000092f00000|100%| S|CS|TAMS 0x0000000092e00000| PB 0x0000000092e00000| Complete  |  0
|   97|0x0000000092f00000, 0x0000000093000000, 0x0000000093000000|100%| S|CS|TAMS 0x0000000092f00000| PB 0x0000000092f00000| Complete  |  0
|   98|0x0000000093000000, 0x0000000093100000, 0x0000000093100000|100%| S|CS|TAMS 0x0000000093000000| PB 0x0000000093000000| Complete  |  0
|   99|0x0000000093100000, 0x0000000093200000, 0x0000000093200000|100%| S|CS|TAMS 0x0000000093100000| PB 0x0000000093100000| Complete  |  0
|  100|0x0000000093200000, 0x0000000093300000, 0x0000000093300000|100%| S|CS|TAMS 0x0000000093200000| PB 0x0000000093200000| Complete  |  0
|  101|0x0000000093300000, 0x0000000093400000, 0x0000000093400000|100%| S|CS|TAMS 0x0000000093300000| PB 0x0000000093300000| Complete  |  0
|  102|0x0000000093400000, 0x0000000093500000, 0x0000000093500000|100%| S|CS|TAMS 0x0000000093400000| PB 0x0000000093400000| Complete  |  0
|  103|0x0000000093500000, 0x0000000093600000, 0x0000000093600000|100%| S|CS|TAMS 0x0000000093500000| PB 0x0000000093500000| Complete  |  0
|  104|0x0000000093600000, 0x0000000093700000, 0x0000000093700000|100%| S|CS|TAMS 0x0000000093600000| PB 0x0000000093600000| Complete  |  0
|  105|0x0000000093700000, 0x0000000093700000, 0x0000000093800000|  0%| F|  |TAMS 0x0000000093700000| PB 0x0000000093700000| Untracked |  0
|  106|0x0000000093800000, 0x0000000093800000, 0x0000000093900000|  0%| F|  |TAMS 0x0000000093800000| PB 0x0000000093800000| Untracked |  0
|  107|0x0000000093900000, 0x0000000093900000, 0x0000000093a00000|  0%| F|  |TAMS 0x0000000093900000| PB 0x0000000093900000| Untracked |  0
|  108|0x0000000093a00000, 0x0000000093a00000, 0x0000000093b00000|  0%| F|  |TAMS 0x0000000093a00000| PB 0x0000000093a00000| Untracked |  0
|  109|0x0000000093b00000, 0x0000000093b00000, 0x0000000093c00000|  0%| F|  |TAMS 0x0000000093b00000| PB 0x0000000093b00000| Untracked |  0
|  110|0x0000000093c00000, 0x0000000093c00000, 0x0000000093d00000|  0%| F|  |TAMS 0x0000000093c00000| PB 0x0000000093c00000| Untracked |  0
|  111|0x0000000093d00000, 0x0000000093d00000, 0x0000000093e00000|  0%| F|  |TAMS 0x0000000093d00000| PB 0x0000000093d00000| Untracked |  0
|  112|0x0000000093e00000, 0x0000000093e00000, 0x0000000093f00000|  0%| F|  |TAMS 0x0000000093e00000| PB 0x0000000093e00000| Untracked |  0
|  113|0x0000000093f00000, 0x0000000093f00000, 0x0000000094000000|  0%| F|  |TAMS 0x0000000093f00000| PB 0x0000000093f00000| Untracked |  0
|  114|0x0000000094000000, 0x0000000094000000, 0x0000000094100000|  0%| F|  |TAMS 0x0000000094000000| PB 0x0000000094000000| Untracked |  0
|  115|0x0000000094100000, 0x0000000094100000, 0x0000000094200000|  0%| F|  |TAMS 0x0000000094100000| PB 0x0000000094100000| Untracked |  0
|  116|0x0000000094200000, 0x0000000094200000, 0x0000000094300000|  0%| F|  |TAMS 0x0000000094200000| PB 0x0000000094200000| Untracked |  0
|  117|0x0000000094300000, 0x0000000094300000, 0x0000000094400000|  0%| F|  |TAMS 0x0000000094300000| PB 0x0000000094300000| Untracked |  0
|  118|0x0000000094400000, 0x0000000094400000, 0x0000000094500000|  0%| F|  |TAMS 0x0000000094400000| PB 0x0000000094400000| Untracked |  0
|  119|0x0000000094500000, 0x0000000094500000, 0x0000000094600000|  0%| F|  |TAMS 0x0000000094500000| PB 0x0000000094500000| Untracked |  0
|  120|0x0000000094600000, 0x0000000094600000, 0x0000000094700000|  0%| F|  |TAMS 0x0000000094600000| PB 0x0000000094600000| Untracked |  0
|  121|0x0000000094700000, 0x0000000094700000, 0x0000000094800000|  0%| F|  |TAMS 0x0000000094700000| PB 0x0000000094700000| Untracked |  0
|  122|0x0000000094800000, 0x0000000094800000, 0x0000000094900000|  0%| F|  |TAMS 0x0000000094800000| PB 0x0000000094800000| Untracked |  0
|  123|0x0000000094900000, 0x0000000094900000, 0x0000000094a00000|  0%| F|  |TAMS 0x0000000094900000| PB 0x0000000094900000| Untracked |  0
|  124|0x0000000094a00000, 0x0000000094a00000, 0x0000000094b00000|  0%| F|  |TAMS 0x0000000094a00000| PB 0x0000000094a00000| Untracked |  0
|  125|0x0000000094b00000, 0x0000000094b00000, 0x0000000094c00000|  0%| F|  |TAMS 0x0000000094b00000| PB 0x0000000094b00000| Untracked |  0
|  126|0x0000000094c00000, 0x0000000094c00000, 0x0000000094d00000|  0%| F|  |TAMS 0x0000000094c00000| PB 0x0000000094c00000| Untracked |  0
|  127|0x0000000094d00000, 0x0000000094d00000, 0x0000000094e00000|  0%| F|  |TAMS 0x0000000094d00000| PB 0x0000000094d00000| Untracked |  0
|  128|0x0000000094e00000, 0x0000000094e00000, 0x0000000094f00000|  0%| F|  |TAMS 0x0000000094e00000| PB 0x0000000094e00000| Untracked |  0
|  129|0x0000000094f00000, 0x0000000094f00000, 0x0000000095000000|  0%| F|  |TAMS 0x0000000094f00000| PB 0x0000000094f00000| Untracked |  0
|  130|0x0000000095000000, 0x0000000095000000, 0x0000000095100000|  0%| F|  |TAMS 0x0000000095000000| PB 0x0000000095000000| Untracked |  0
|  131|0x0000000095100000, 0x0000000095100000, 0x0000000095200000|  0%| F|  |TAMS 0x0000000095100000| PB 0x0000000095100000| Untracked |  0
|  132|0x0000000095200000, 0x0000000095200000, 0x0000000095300000|  0%| F|  |TAMS 0x0000000095200000| PB 0x0000000095200000| Untracked |  0
|  133|0x0000000095300000, 0x0000000095300000, 0x0000000095400000|  0%| F|  |TAMS 0x0000000095300000| PB 0x0000000095300000| Untracked |  0
|  134|0x0000000095400000, 0x0000000095400000, 0x0000000095500000|  0%| F|  |TAMS 0x0000000095400000| PB 0x0000000095400000| Untracked |  0
|  135|0x0000000095500000, 0x0000000095500000, 0x0000000095600000|  0%| F|  |TAMS 0x0000000095500000| PB 0x0000000095500000| Untracked |  0
|  136|0x0000000095600000, 0x0000000095600000, 0x0000000095700000|  0%| F|  |TAMS 0x0000000095600000| PB 0x0000000095600000| Untracked |  0
|  137|0x0000000095700000, 0x0000000095700000, 0x0000000095800000|  0%| F|  |TAMS 0x0000000095700000| PB 0x0000000095700000| Untracked |  0
|  138|0x0000000095800000, 0x0000000095800000, 0x0000000095900000|  0%| F|  |TAMS 0x0000000095800000| PB 0x0000000095800000| Untracked |  0
|  139|0x0000000095900000, 0x0000000095900000, 0x0000000095a00000|  0%| F|  |TAMS 0x0000000095900000| PB 0x0000000095900000| Untracked |  0
|  140|0x0000000095a00000, 0x0000000095a00000, 0x0000000095b00000|  0%| F|  |TAMS 0x0000000095a00000| PB 0x0000000095a00000| Untracked |  0
|  141|0x0000000095b00000, 0x0000000095b00000, 0x0000000095c00000|  0%| F|  |TAMS 0x0000000095b00000| PB 0x0000000095b00000| Untracked |  0
|  142|0x0000000095c00000, 0x0000000095c00000, 0x0000000095d00000|  0%| F|  |TAMS 0x0000000095c00000| PB 0x0000000095c00000| Untracked |  0
|  143|0x0000000095d00000, 0x0000000095d00000, 0x0000000095e00000|  0%| F|  |TAMS 0x0000000095d00000| PB 0x0000000095d00000| Untracked |  0
|  144|0x0000000095e00000, 0x0000000095e00000, 0x0000000095f00000|  0%| F|  |TAMS 0x0000000095e00000| PB 0x0000000095e00000| Untracked |  0
|  145|0x0000000095f00000, 0x0000000095f00000, 0x0000000096000000|  0%| F|  |TAMS 0x0000000095f00000| PB 0x0000000095f00000| Untracked |  0
|  146|0x0000000096000000, 0x0000000096000000, 0x0000000096100000|  0%| F|  |TAMS 0x0000000096000000| PB 0x0000000096000000| Untracked |  0
|  147|0x0000000096100000, 0x0000000096100000, 0x0000000096200000|  0%| F|  |TAMS 0x0000000096100000| PB 0x0000000096100000| Untracked |  0
|  148|0x0000000096200000, 0x0000000096200000, 0x0000000096300000|  0%| F|  |TAMS 0x0000000096200000| PB 0x0000000096200000| Untracked |  0
|  149|0x0000000096300000, 0x0000000096300000, 0x0000000096400000|  0%| F|  |TAMS 0x0000000096300000| PB 0x0000000096300000| Untracked |  0
|  150|0x0000000096400000, 0x0000000096400000, 0x0000000096500000|  0%| F|  |TAMS 0x0000000096400000| PB 0x0000000096400000| Untracked |  0
|  151|0x0000000096500000, 0x0000000096500000, 0x0000000096600000|  0%| F|  |TAMS 0x0000000096500000| PB 0x0000000096500000| Untracked |  0
|  152|0x0000000096600000, 0x0000000096600000, 0x0000000096700000|  0%| F|  |TAMS 0x0000000096600000| PB 0x0000000096600000| Untracked |  0
|  153|0x0000000096700000, 0x0000000096700000, 0x0000000096800000|  0%| F|  |TAMS 0x0000000096700000| PB 0x0000000096700000| Untracked |  0
|  154|0x0000000096800000, 0x0000000096800000, 0x0000000096900000|  0%| F|  |TAMS 0x0000000096800000| PB 0x0000000096800000| Untracked |  0
|  155|0x0000000096900000, 0x0000000096900000, 0x0000000096a00000|  0%| F|  |TAMS 0x0000000096900000| PB 0x0000000096900000| Untracked |  0
|  156|0x0000000096a00000, 0x0000000096a00000, 0x0000000096b00000|  0%| F|  |TAMS 0x0000000096a00000| PB 0x0000000096a00000| Untracked |  0
|  157|0x0000000096b00000, 0x0000000096b00000, 0x0000000096c00000|  0%| F|  |TAMS 0x0000000096b00000| PB 0x0000000096b00000| Untracked |  0
|  158|0x0000000096c00000, 0x0000000096c00000, 0x0000000096d00000|  0%| F|  |TAMS 0x0000000096c00000| PB 0x0000000096c00000| Untracked |  0
|  159|0x0000000096d00000, 0x0000000096d00000, 0x0000000096e00000|  0%| F|  |TAMS 0x0000000096d00000| PB 0x0000000096d00000| Untracked |  0
|  160|0x0000000096e00000, 0x0000000096e00000, 0x0000000096f00000|  0%| F|  |TAMS 0x0000000096e00000| PB 0x0000000096e00000| Untracked |  0
|  161|0x0000000096f00000, 0x0000000096f00000, 0x0000000097000000|  0%| F|  |TAMS 0x0000000096f00000| PB 0x0000000096f00000| Untracked |  0
|  162|0x0000000097000000, 0x0000000097084010, 0x0000000097100000| 51%| E|CS|TAMS 0x0000000097000000| PB 0x0000000097000000| Complete  |  0
|  163|0x0000000097100000, 0x0000000097200000, 0x0000000097200000|100%| E|CS|TAMS 0x0000000097100000| PB 0x0000000097100000| Complete  |  0
|  164|0x0000000097200000, 0x0000000097300000, 0x0000000097300000|100%| E|CS|TAMS 0x0000000097200000| PB 0x0000000097200000| Complete  |  0
|  165|0x0000000097300000, 0x0000000097400000, 0x0000000097400000|100%| E|CS|TAMS 0x0000000097300000| PB 0x0000000097300000| Complete  |  0
|  166|0x0000000097400000, 0x0000000097500000, 0x0000000097500000|100%| E|CS|TAMS 0x0000000097400000| PB 0x0000000097400000| Complete  |  0
|  167|0x0000000097500000, 0x0000000097600000, 0x0000000097600000|100%| E|CS|TAMS 0x0000000097500000| PB 0x0000000097500000| Complete  |  0
|  168|0x0000000097600000, 0x0000000097700000, 0x0000000097700000|100%| E|CS|TAMS 0x0000000097600000| PB 0x0000000097600000| Complete  |  0
|  169|0x0000000097700000, 0x0000000097800000, 0x0000000097800000|100%| E|CS|TAMS 0x0000000097700000| PB 0x0000000097700000| Complete  |  0
|  170|0x0000000097800000, 0x0000000097900000, 0x0000000097900000|100%| E|CS|TAMS 0x0000000097800000| PB 0x0000000097800000| Complete  |  0
|  171|0x0000000097900000, 0x0000000097a00000, 0x0000000097a00000|100%| E|CS|TAMS 0x0000000097900000| PB 0x0000000097900000| Complete  |  0
|  172|0x0000000097a00000, 0x0000000097b00000, 0x0000000097b00000|100%| E|CS|TAMS 0x0000000097a00000| PB 0x0000000097a00000| Complete  |  0
|  173|0x0000000097b00000, 0x0000000097c00000, 0x0000000097c00000|100%| E|CS|TAMS 0x0000000097b00000| PB 0x0000000097b00000| Complete  |  0
|  174|0x0000000097c00000, 0x0000000097d00000, 0x0000000097d00000|100%| E|CS|TAMS 0x0000000097c00000| PB 0x0000000097c00000| Complete  |  0
|  175|0x0000000097d00000, 0x0000000097e00000, 0x0000000097e00000|100%| E|CS|TAMS 0x0000000097d00000| PB 0x0000000097d00000| Complete  |  0
|  176|0x0000000097e00000, 0x0000000097f00000, 0x0000000097f00000|100%| E|CS|TAMS 0x0000000097e00000| PB 0x0000000097e00000| Complete  |  0
|  177|0x0000000097f00000, 0x0000000098000000, 0x0000000098000000|100%| E|CS|TAMS 0x0000000097f00000| PB 0x0000000097f00000| Complete  |  0
|  178|0x0000000098000000, 0x0000000098100000, 0x0000000098100000|100%| E|CS|TAMS 0x0000000098000000| PB 0x0000000098000000| Complete  |  0
|  179|0x0000000098100000, 0x0000000098200000, 0x0000000098200000|100%| E|CS|TAMS 0x0000000098100000| PB 0x0000000098100000| Complete  |  0
|  180|0x0000000098200000, 0x0000000098300000, 0x0000000098300000|100%| E|CS|TAMS 0x0000000098200000| PB 0x0000000098200000| Complete  |  0
|  181|0x0000000098300000, 0x0000000098400000, 0x0000000098400000|100%| E|CS|TAMS 0x0000000098300000| PB 0x0000000098300000| Complete  |  0
|  182|0x0000000098400000, 0x0000000098500000, 0x0000000098500000|100%| E|CS|TAMS 0x0000000098400000| PB 0x0000000098400000| Complete  |  0
|  183|0x0000000098500000, 0x0000000098600000, 0x0000000098600000|100%| E|CS|TAMS 0x0000000098500000| PB 0x0000000098500000| Complete  |  0
|  184|0x0000000098600000, 0x0000000098700000, 0x0000000098700000|100%| E|CS|TAMS 0x0000000098600000| PB 0x0000000098600000| Complete  |  0
|  185|0x0000000098700000, 0x0000000098800000, 0x0000000098800000|100%| E|CS|TAMS 0x0000000098700000| PB 0x0000000098700000| Complete  |  0
|  186|0x0000000098800000, 0x0000000098900000, 0x0000000098900000|100%| E|CS|TAMS 0x0000000098800000| PB 0x0000000098800000| Complete  |  0
|  187|0x0000000098900000, 0x0000000098a00000, 0x0000000098a00000|100%| E|CS|TAMS 0x0000000098900000| PB 0x0000000098900000| Complete  |  0
|  188|0x0000000098a00000, 0x0000000098b00000, 0x0000000098b00000|100%| E|CS|TAMS 0x0000000098a00000| PB 0x0000000098a00000| Complete  |  0
|  189|0x0000000098b00000, 0x0000000098c00000, 0x0000000098c00000|100%| E|CS|TAMS 0x0000000098b00000| PB 0x0000000098b00000| Complete  |  0
|  190|0x0000000098c00000, 0x0000000098d00000, 0x0000000098d00000|100%| E|CS|TAMS 0x0000000098c00000| PB 0x0000000098c00000| Complete  |  0
|  191|0x0000000098d00000, 0x0000000098e00000, 0x0000000098e00000|100%| E|CS|TAMS 0x0000000098d00000| PB 0x0000000098d00000| Complete  |  0
|  192|0x0000000098e00000, 0x0000000098f00000, 0x0000000098f00000|100%| E|CS|TAMS 0x0000000098e00000| PB 0x0000000098e00000| Complete  |  0
|  193|0x0000000098f00000, 0x0000000099000000, 0x0000000099000000|100%| E|CS|TAMS 0x0000000098f00000| PB 0x0000000098f00000| Complete  |  0
|  194|0x0000000099000000, 0x0000000099100000, 0x0000000099100000|100%| E|CS|TAMS 0x0000000099000000| PB 0x0000000099000000| Complete  |  0
|  195|0x0000000099100000, 0x0000000099200000, 0x0000000099200000|100%| E|CS|TAMS 0x0000000099100000| PB 0x0000000099100000| Complete  |  0
|  196|0x0000000099200000, 0x0000000099300000, 0x0000000099300000|100%| E|CS|TAMS 0x0000000099200000| PB 0x0000000099200000| Complete  |  0
|  197|0x0000000099300000, 0x0000000099400000, 0x0000000099400000|100%| E|CS|TAMS 0x0000000099300000| PB 0x0000000099300000| Complete  |  0
|  198|0x0000000099400000, 0x0000000099500000, 0x0000000099500000|100%| E|CS|TAMS 0x0000000099400000| PB 0x0000000099400000| Complete  |  0
|  199|0x0000000099500000, 0x0000000099600000, 0x0000000099600000|100%| E|CS|TAMS 0x0000000099500000| PB 0x0000000099500000| Complete  |  0
|  200|0x0000000099600000, 0x0000000099700000, 0x0000000099700000|100%| E|CS|TAMS 0x0000000099600000| PB 0x0000000099600000| Complete  |  0
|  201|0x0000000099700000, 0x0000000099800000, 0x0000000099800000|100%| E|CS|TAMS 0x0000000099700000| PB 0x0000000099700000| Complete  |  0
|  202|0x0000000099800000, 0x0000000099900000, 0x0000000099900000|100%| E|CS|TAMS 0x0000000099800000| PB 0x0000000099800000| Complete  |  0
|  203|0x0000000099900000, 0x0000000099a00000, 0x0000000099a00000|100%| E|CS|TAMS 0x0000000099900000| PB 0x0000000099900000| Complete  |  0
|  204|0x0000000099a00000, 0x0000000099b00000, 0x0000000099b00000|100%| E|CS|TAMS 0x0000000099a00000| PB 0x0000000099a00000| Complete  |  0
|  205|0x0000000099b00000, 0x0000000099c00000, 0x0000000099c00000|100%| E|CS|TAMS 0x0000000099b00000| PB 0x0000000099b00000| Complete  |  0
|  206|0x0000000099c00000, 0x0000000099d00000, 0x0000000099d00000|100%| E|CS|TAMS 0x0000000099c00000| PB 0x0000000099c00000| Complete  |  0
|  207|0x0000000099d00000, 0x0000000099e00000, 0x0000000099e00000|100%| E|CS|TAMS 0x0000000099d00000| PB 0x0000000099d00000| Complete  |  0
|  208|0x0000000099e00000, 0x0000000099f00000, 0x0000000099f00000|100%| E|CS|TAMS 0x0000000099e00000| PB 0x0000000099e00000| Complete  |  0
|  209|0x0000000099f00000, 0x000000009a000000, 0x000000009a000000|100%| E|CS|TAMS 0x0000000099f00000| PB 0x0000000099f00000| Complete  |  0
|  210|0x000000009a000000, 0x000000009a100000, 0x000000009a100000|100%| E|CS|TAMS 0x000000009a000000| PB 0x000000009a000000| Complete  |  0
|  211|0x000000009a100000, 0x000000009a200000, 0x000000009a200000|100%| E|CS|TAMS 0x000000009a100000| PB 0x000000009a100000| Complete  |  0
|  212|0x000000009a200000, 0x000000009a300000, 0x000000009a300000|100%| E|CS|TAMS 0x000000009a200000| PB 0x000000009a200000| Complete  |  0
|  213|0x000000009a300000, 0x000000009a400000, 0x000000009a400000|100%| E|CS|TAMS 0x000000009a300000| PB 0x000000009a300000| Complete  |  0
|  214|0x000000009a400000, 0x000000009a500000, 0x000000009a500000|100%| E|CS|TAMS 0x000000009a400000| PB 0x000000009a400000| Complete  |  0
|  215|0x000000009a500000, 0x000000009a600000, 0x000000009a600000|100%| E|CS|TAMS 0x000000009a500000| PB 0x000000009a500000| Complete  |  0
|  216|0x000000009a600000, 0x000000009a700000, 0x000000009a700000|100%| E|CS|TAMS 0x000000009a600000| PB 0x000000009a600000| Complete  |  0
|  217|0x000000009a700000, 0x000000009a800000, 0x000000009a800000|100%| E|CS|TAMS 0x000000009a700000| PB 0x000000009a700000| Complete  |  0
|  218|0x000000009a800000, 0x000000009a900000, 0x000000009a900000|100%| E|CS|TAMS 0x000000009a800000| PB 0x000000009a800000| Complete  |  0
|  219|0x000000009a900000, 0x000000009aa00000, 0x000000009aa00000|100%| E|CS|TAMS 0x000000009a900000| PB 0x000000009a900000| Complete  |  0
|  220|0x000000009aa00000, 0x000000009ab00000, 0x000000009ab00000|100%| E|CS|TAMS 0x000000009aa00000| PB 0x000000009aa00000| Complete  |  0
|  221|0x000000009ab00000, 0x000000009ac00000, 0x000000009ac00000|100%| E|CS|TAMS 0x000000009ab00000| PB 0x000000009ab00000| Complete  |  0
|  222|0x000000009ac00000, 0x000000009ad00000, 0x000000009ad00000|100%| E|CS|TAMS 0x000000009ac00000| PB 0x000000009ac00000| Complete  |  0
|  223|0x000000009ad00000, 0x000000009ae00000, 0x000000009ae00000|100%| E|CS|TAMS 0x000000009ad00000| PB 0x000000009ad00000| Complete  |  0
|  224|0x000000009ae00000, 0x000000009af00000, 0x000000009af00000|100%| E|CS|TAMS 0x000000009ae00000| PB 0x000000009ae00000| Complete  |  0
|  225|0x000000009af00000, 0x000000009b000000, 0x000000009b000000|100%| E|CS|TAMS 0x000000009af00000| PB 0x000000009af00000| Complete  |  0
|  226|0x000000009b000000, 0x000000009b100000, 0x000000009b100000|100%| E|CS|TAMS 0x000000009b000000| PB 0x000000009b000000| Complete  |  0
|  227|0x000000009b100000, 0x000000009b200000, 0x000000009b200000|100%| E|CS|TAMS 0x000000009b100000| PB 0x000000009b100000| Complete  |  0
|  228|0x000000009b200000, 0x000000009b300000, 0x000000009b300000|100%| E|CS|TAMS 0x000000009b200000| PB 0x000000009b200000| Complete  |  0
|  229|0x000000009b300000, 0x000000009b400000, 0x000000009b400000|100%| E|CS|TAMS 0x000000009b300000| PB 0x000000009b300000| Complete  |  0
|  230|0x000000009b400000, 0x000000009b500000, 0x000000009b500000|100%| E|CS|TAMS 0x000000009b400000| PB 0x000000009b400000| Complete  |  0
|  231|0x000000009b500000, 0x000000009b600000, 0x000000009b600000|100%| E|CS|TAMS 0x000000009b500000| PB 0x000000009b500000| Complete  |  0
|  232|0x000000009b600000, 0x000000009b700000, 0x000000009b700000|100%| E|CS|TAMS 0x000000009b600000| PB 0x000000009b600000| Complete  |  0
|  233|0x000000009b700000, 0x000000009b800000, 0x000000009b800000|100%| E|CS|TAMS 0x000000009b700000| PB 0x000000009b700000| Complete  |  0
|  234|0x000000009b800000, 0x000000009b900000, 0x000000009b900000|100%| E|CS|TAMS 0x000000009b800000| PB 0x000000009b800000| Complete  |  0
|  235|0x000000009b900000, 0x000000009ba00000, 0x000000009ba00000|100%| E|CS|TAMS 0x000000009b900000| PB 0x000000009b900000| Complete  |  0
|  236|0x000000009ba00000, 0x000000009bb00000, 0x000000009bb00000|100%| E|CS|TAMS 0x000000009ba00000| PB 0x000000009ba00000| Complete  |  0
|  237|0x000000009bb00000, 0x000000009bc00000, 0x000000009bc00000|100%| E|CS|TAMS 0x000000009bb00000| PB 0x000000009bb00000| Complete  |  0
|  238|0x000000009bc00000, 0x000000009bd00000, 0x000000009bd00000|100%| E|CS|TAMS 0x000000009bc00000| PB 0x000000009bc00000| Complete  |  0
|  239|0x000000009bd00000, 0x000000009be00000, 0x000000009be00000|100%| E|CS|TAMS 0x000000009bd00000| PB 0x000000009bd00000| Complete  |  0
|  240|0x000000009be00000, 0x000000009bf00000, 0x000000009bf00000|100%| E|CS|TAMS 0x000000009be00000| PB 0x000000009be00000| Complete  |  0
|  241|0x000000009bf00000, 0x000000009c000000, 0x000000009c000000|100%| E|CS|TAMS 0x000000009bf00000| PB 0x000000009bf00000| Complete  |  0
|  242|0x000000009c000000, 0x000000009c100000, 0x000000009c100000|100%| E|CS|TAMS 0x000000009c000000| PB 0x000000009c000000| Complete  |  0
|  243|0x000000009c100000, 0x000000009c200000, 0x000000009c200000|100%| E|CS|TAMS 0x000000009c100000| PB 0x000000009c100000| Complete  |  0
|  244|0x000000009c200000, 0x000000009c300000, 0x000000009c300000|100%| E|CS|TAMS 0x000000009c200000| PB 0x000000009c200000| Complete  |  0
|  245|0x000000009c300000, 0x000000009c400000, 0x000000009c400000|100%| E|CS|TAMS 0x000000009c300000| PB 0x000000009c300000| Complete  |  0
|  246|0x000000009c400000, 0x000000009c500000, 0x000000009c500000|100%| E|CS|TAMS 0x000000009c400000| PB 0x000000009c400000| Complete  |  0
|  247|0x000000009c500000, 0x000000009c600000, 0x000000009c600000|100%| E|CS|TAMS 0x000000009c500000| PB 0x000000009c500000| Complete  |  0
|  248|0x000000009c600000, 0x000000009c700000, 0x000000009c700000|100%| E|CS|TAMS 0x000000009c600000| PB 0x000000009c600000| Complete  |  0
|  249|0x000000009c700000, 0x000000009c800000, 0x000000009c800000|100%| E|CS|TAMS 0x000000009c700000| PB 0x000000009c700000| Complete  |  0
|  250|0x000000009c800000, 0x000000009c900000, 0x000000009c900000|100%| E|CS|TAMS 0x000000009c800000| PB 0x000000009c800000| Complete  |  0
|  251|0x000000009c900000, 0x000000009ca00000, 0x000000009ca00000|100%| E|CS|TAMS 0x000000009c900000| PB 0x000000009c900000| Complete  |  0
|  252|0x000000009ca00000, 0x000000009cb00000, 0x000000009cb00000|100%| E|CS|TAMS 0x000000009ca00000| PB 0x000000009ca00000| Complete  |  0
|  253|0x000000009cb00000, 0x000000009cc00000, 0x000000009cc00000|100%| E|CS|TAMS 0x000000009cb00000| PB 0x000000009cb00000| Complete  |  0
|  254|0x000000009cc00000, 0x000000009cd00000, 0x000000009cd00000|100%| E|CS|TAMS 0x000000009cc00000| PB 0x000000009cc00000| Complete  |  0
|  255|0x000000009cd00000, 0x000000009ce00000, 0x000000009ce00000|100%| E|CS|TAMS 0x000000009cd00000| PB 0x000000009cd00000| Complete  |  0
|  256|0x000000009ce00000, 0x000000009cf00000, 0x000000009cf00000|100%| E|CS|TAMS 0x000000009ce00000| PB 0x000000009ce00000| Complete  |  0
|  257|0x000000009cf00000, 0x000000009d000000, 0x000000009d000000|100%| E|CS|TAMS 0x000000009cf00000| PB 0x000000009cf00000| Complete  |  0
|  258|0x000000009d000000, 0x000000009d100000, 0x000000009d100000|100%| E|CS|TAMS 0x000000009d000000| PB 0x000000009d000000| Complete  |  0
|  259|0x000000009d100000, 0x000000009d200000, 0x000000009d200000|100%| E|CS|TAMS 0x000000009d100000| PB 0x000000009d100000| Complete  |  0
|  260|0x000000009d200000, 0x000000009d300000, 0x000000009d300000|100%| E|CS|TAMS 0x000000009d200000| PB 0x000000009d200000| Complete  |  0
|  261|0x000000009d300000, 0x000000009d400000, 0x000000009d400000|100%| E|CS|TAMS 0x000000009d300000| PB 0x000000009d300000| Complete  |  0
|  262|0x000000009d400000, 0x000000009d500000, 0x000000009d500000|100%| E|CS|TAMS 0x000000009d400000| PB 0x000000009d400000| Complete  |  0
| 1840|0x00000000ffe00000, 0x00000000fff00000, 0x00000000fff00000|100%| O|  |TAMS 0x00000000ffe00000| PB 0x00000000ffe00000| Untracked |  0
| 1841|0x00000000fff00000, 0x0000000100000000, 0x0000000100000000|100%| E|CS|TAMS 0x00000000fff00000| PB 0x00000000fff00000| Complete  |  0

Card table byte_map: [0x000002059fae0000,0x000002059fe80000] _byte_map_base: 0x000002059f679000
Refinement table byte_map: [0x000002059fe80000,0x00000205a0220000] _byte_map_base: 0x000002059fa19000

Marking Bits: (CMBitMap*) 0x000002058755cb80
 Bits: [0x00000205a0220000, 0x00000205a1ee8000)

Polling page: 0x00000205850f0000

Metaspace:
Metaspace        used 52410K, committed 52992K, reserved 1114112K
 class space     used 7180K, committed 7424K, reserved 1048576K

Usage:
  Non-class:     44.17 MB used.
      Class:      7.01 MB used.
       Both:     51.18 MB used.

Virtual space:
  Non-class space:       64.00 MB reserved,      44.50 MB ( 70%) committed,  1 nodes.
      Class space:        1.00 GB reserved,       7.25 MB ( <1%) committed,  1 nodes.
             Both:        1.06 GB reserved,      51.75 MB (  5%) committed. 

Chunk freelists:
   Non-Class:  3.53 MB
       Class:  8.58 MB
        Both:  12.11 MB

MaxMetaspaceSize: unlimited
CompressedClassSpaceSize: 1.00 GB
Initial GC threshold: 21.00 MB
Current GC threshold: 59.00 MB
CDS: on
 - commit_granule_bytes: 65536.
 - commit_granule_words: 8192.
 - virtual_space_node_default_size: 8388608.
 - enlarge_chunks_in_place: 1.
UseCompressedClassPointers 1, UseCompactObjectHeaders 0
Narrow klass pointer bits 32, Max shift 3
Narrow klass base: 0x000000001f000000, Narrow klass shift: 0
Encoding Range: [0x000000001f000000 - 0x000000011f000000), (4294967296 bytes)
Klass Range:    [0x000000001f000000 - 0x0000000060000000), (1090519040 bytes)
Klass ID Range:  [8 - 1090519033) (1090519025)
Protection zone: [0x000000001f000000 - 0x000000001f010000), (65536 bytes)


Internal statistics:

num_allocs_failed_limit: 6.
num_arena_births: 716.
num_arena_deaths: 0.
num_vsnodes_births: 2.
num_vsnodes_deaths: 0.
num_space_committed: 828.
num_space_uncommitted: 0.
num_chunks_returned_to_freelist: 6.
num_chunks_taken_from_freelist: 2502.
num_chunk_merges: 6.
num_chunk_splits: 1756.
num_chunks_enlarged: 1391.
num_inconsistent_stats: 0.

CodeHeap 'non-profiled nmethods': size=120064Kb used=3157Kb max_used=3157Kb free=116906Kb
 bounds [0x0000020597ca0000, 0x0000020597fc0000, 0x000002059f1e0000]
CodeHeap 'profiled nmethods': size=120064Kb used=10597Kb max_used=10597Kb free=109466Kb
 bounds [0x00000205901c0000, 0x0000020590c20000, 0x0000020597700000]
CodeHeap 'non-nmethods': size=5760Kb used=1549Kb max_used=1610Kb free=4210Kb
 bounds [0x0000020597700000, 0x0000020597970000, 0x0000020597ca0000]
CodeCache: size=245888Kb, used=15303Kb, max_used=15364Kb, free=230582Kb
 total_blobs=7209, nmethods=6542, adapters=571, full_count=0
Compilation: enabled, stopped_count=0, restarted_count=0

Compilation events (20 events):
Event: 10.264 Thread 0x00000205a4b17170 7156       1       java.util.concurrent.LinkedBlockingDeque::size (5 bytes)
Event: 10.264 Thread 0x00000205a4b17170 nmethod 7156 0x0000020597fb4108 code [0x0000020597fb4200, 0x0000020597fb42b8]
Event: 10.264 Thread 0x00000205a4b17170 7157       1       com.netflix.eureka.util.batcher.AcceptorExecutor::access$400 (5 bytes)
Event: 10.265 Thread 0x00000205a4b17170 nmethod 7157 0x0000020597fb4408 code [0x0000020597fb4500, 0x0000020597fb4598]
Event: 10.265 Thread 0x00000205a4b17170 7159       3       java.lang.invoke.BoundMethodHandle::copyWith (7 bytes)
Event: 10.265 Thread 0x00000205a4b17170 nmethod 7159 0x0000020590c0e988 code [0x0000020590c0ea80, 0x0000020590c0ec40]
Event: 10.265 Thread 0x00000205a4b17170 7158       1       com.netflix.eureka.util.batcher.AcceptorExecutor::access$600 (5 bytes)
Event: 10.265 Thread 0x00000205a4b17170 nmethod 7158 0x0000020597fb4708 code [0x0000020597fb4800, 0x0000020597fb4898]
Event: 10.266 Thread 0x00000205a4b17170 7160       3       jdk.internal.loader.NativeLibraries$NativeLibraryImpl::find (9 bytes)
Event: 10.267 Thread 0x00000205a4b17170 nmethod 7160 0x0000020590c0ec88 code [0x0000020590c0ed80, 0x0000020590c0eeb0]
Event: 10.274 Thread 0x00000205a4b17170 7161       3       org.springframework.context.event.GenericApplicationListenerAdapter::resolveDeclaredEventType (57 bytes)
Event: 10.275 Thread 0x00000205a4b17170 nmethod 7161 0x0000020590c0ef88 code [0x0000020590c0f080, 0x0000020590c0f6f0]
Event: 10.278 Thread 0x00000205a4b17170 7162       3       java.time.format.DateTimePrintContext::getValue (33 bytes)
Event: 10.278 Thread 0x00000205a4b17170 nmethod 7162 0x0000020590c0f708 code [0x0000020590c0f800, 0x0000020590c0fb60]
Event: 10.278 Thread 0x00000205a4b17170 7163       3       java.time.ZonedDateTime::getLong (83 bytes)
Event: 10.279 Thread 0x00000205a4b17170 nmethod 7163 0x0000020590c0fb88 code [0x0000020590c0fc80, 0x0000020590c10468]
Event: 10.300 Thread 0x00000205a4b17170 7165   !   3       ch.qos.logback.classic.spi.TurboFilterList::getTurboFilterChainDecision (119 bytes)
Event: 10.301 Thread 0x00000205a4b17170 nmethod 7165 0x0000020590c10488 code [0x0000020590c10580, 0x0000020590c11298]
Event: 10.301 Thread 0x00000205a4b17170 7166       1       java.net.NetworkInterface::getIndex (5 bytes)
Event: 10.301 Thread 0x00000205a4b17170 nmethod 7166 0x0000020597fb4d08 code [0x0000020597fb4e00, 0x0000020597fb4eb8]

GC Heap Usage History (20 events):
Event: 0.979 {heap Before GC invocations=6 (full 0):
 garbage-first heap   total reserved 1886208K, committed 30720K, used 17490K [0x000000008ce00000, 0x0000000100000000)
  region size 1M, 12 eden (12M), 2 survivor (2M), 5 old (5M), 0 humongous (0M), 11 free (11M)
}
Event: 0.983 {heap After GC invocations=7 (full 0):
 garbage-first heap   total reserved 1886208K, committed 30720K, used 6778K [0x000000008ce00000, 0x0000000100000000)
  region size 1M, 0 eden (0M), 2 survivor (2M), 6 old (6M), 0 humongous (0M), 22 free (22M)
}
Event: 1.185 {heap Before GC invocations=7 (full 0):
 garbage-first heap   total reserved 1886208K, committed 30720K, used 20090K [0x000000008ce00000, 0x0000000100000000)
  region size 1M, 13 eden (13M), 2 survivor (2M), 6 old (6M), 0 humongous (0M), 9 free (9M)
}
Event: 1.190 {heap After GC invocations=8 (full 0):
 garbage-first heap   total reserved 1886208K, committed 92160K, used 7176K [0x000000008ce00000, 0x0000000100000000)
  region size 1M, 0 eden (0M), 1 survivor (1M), 7 old (7M), 0 humongous (0M), 82 free (82M)
}
Event: 1.867 {heap Before GC invocations=8 (full 0):
 garbage-first heap   total reserved 1886208K, committed 92160K, used 60424K [0x000000008ce00000, 0x0000000100000000)
  region size 1M, 52 eden (52M), 1 survivor (1M), 7 old (7M), 0 humongous (0M), 30 free (30M)
}
Event: 1.874 {heap After GC invocations=9 (full 0):
 garbage-first heap   total reserved 1886208K, committed 92160K, used 9087K [0x000000008ce00000, 0x0000000100000000)
  region size 1M, 0 eden (0M), 3 survivor (3M), 7 old (7M), 0 humongous (0M), 80 free (80M)
}
Event: 2.256 {heap Before GC invocations=9 (full 0):
 garbage-first heap   total reserved 1886208K, committed 92160K, used 60287K [0x000000008ce00000, 0x0000000100000000)
  region size 1M, 51 eden (51M), 3 survivor (3M), 7 old (7M), 0 humongous (0M), 29 free (29M)
}
Event: 2.261 {heap After GC invocations=10 (full 0):
 garbage-first heap   total reserved 1886208K, committed 92160K, used 10726K [0x000000008ce00000, 0x0000000100000000)
  region size 1M, 0 eden (0M), 5 survivor (5M), 7 old (7M), 0 humongous (0M), 78 free (78M)
}
Event: 2.766 {heap Before GC invocations=10 (full 0):
 garbage-first heap   total reserved 1886208K, committed 92160K, used 59878K [0x000000008ce00000, 0x0000000100000000)
  region size 1M, 49 eden (49M), 5 survivor (5M), 7 old (7M), 0 humongous (0M), 29 free (29M)
}
Event: 2.773 {heap After GC invocations=11 (full 0):
 garbage-first heap   total reserved 1886208K, committed 92160K, used 13623K [0x000000008ce00000, 0x0000000100000000)
  region size 1M, 0 eden (0M), 7 survivor (7M), 8 old (8M), 0 humongous (0M), 75 free (75M)
}
Event: 3.100 {heap Before GC invocations=11 (full 0):
 garbage-first heap   total reserved 1886208K, committed 92160K, used 39223K [0x000000008ce00000, 0x0000000100000000)
  region size 1M, 26 eden (26M), 7 survivor (7M), 8 old (8M), 0 humongous (0M), 49 free (49M)
}
Event: 3.108 {heap After GC invocations=12 (full 0):
 garbage-first heap   total reserved 1886208K, committed 92160K, used 13920K [0x000000008ce00000, 0x0000000100000000)
  region size 1M, 0 eden (0M), 4 survivor (4M), 11 old (11M), 0 humongous (0M), 75 free (75M)
}
Event: 4.060 {heap Before GC invocations=13 (full 0):
 garbage-first heap   total reserved 1886208K, committed 92160K, used 65120K [0x000000008ce00000, 0x0000000100000000)
  region size 1M, 50 eden (50M), 4 survivor (4M), 11 old (11M), 0 humongous (0M), 25 free (25M)
}
Event: 4.073 {heap After GC invocations=14 (full 0):
 garbage-first heap   total reserved 1886208K, committed 92160K, used 16292K [0x000000008ce00000, 0x0000000100000000)
  region size 1M, 0 eden (0M), 6 survivor (6M), 11 old (11M), 0 humongous (0M), 73 free (73M)
}
Event: 5.008 {heap Before GC invocations=14 (full 0):
 garbage-first heap   total reserved 1886208K, committed 92160K, used 65444K [0x000000008ce00000, 0x0000000100000000)
  region size 1M, 48 eden (48M), 6 survivor (6M), 11 old (11M), 0 humongous (0M), 25 free (25M)
}
Event: 5.028 {heap After GC invocations=15 (full 0):
 garbage-first heap   total reserved 1886208K, committed 271360K, used 18403K [0x000000008ce00000, 0x0000000100000000)
  region size 1M, 0 eden (0M), 6 survivor (6M), 12 old (12M), 0 humongous (0M), 247 free (247M)
}
Event: 6.574 {heap Before GC invocations=15 (full 0):
 garbage-first heap   total reserved 1886208K, committed 271360K, used 150499K [0x000000008ce00000, 0x0000000100000000)
  region size 1M, 130 eden (130M), 6 survivor (6M), 12 old (12M), 0 humongous (0M), 117 free (117M)
}
Event: 6.584 {heap After GC invocations=16 (full 0):
 garbage-first heap   total reserved 1886208K, committed 271360K, used 20627K [0x000000008ce00000, 0x0000000100000000)
  region size 1M, 0 eden (0M), 9 survivor (9M), 12 old (12M), 0 humongous (0M), 244 free (244M)
}
Event: 8.724 {heap Before GC invocations=17 (full 0):
 garbage-first heap   total reserved 1886208K, committed 271360K, used 173203K [0x000000008ce00000, 0x0000000100000000)
  region size 1M, 150 eden (150M), 9 survivor (9M), 12 old (12M), 0 humongous (0M), 94 free (94M)
}
Event: 8.740 {heap After GC invocations=18 (full 0):
 garbage-first heap   total reserved 1886208K, committed 271360K, used 29345K [0x000000008ce00000, 0x0000000100000000)
  region size 1M, 0 eden (0M), 17 survivor (17M), 12 old (12M), 0 humongous (0M), 236 free (236M)
}

Metaspace Usage History (20 events):
Event: 0.979 {metaspace Before GC invocations=6 (full 0):
 Metaspace       used 5671K, committed 5888K, reserved 1114112K
  class space    used 653K, committed 768K, reserved 1048576K
}
Event: 0.983 {metaspace After GC invocations=7 (full 0):
 Metaspace       used 5671K, committed 5888K, reserved 1114112K
  class space    used 653K, committed 768K, reserved 1048576K
}
Event: 1.185 {metaspace Before GC invocations=7 (full 0):
 Metaspace       used 7186K, committed 7424K, reserved 1114112K
  class space    used 870K, committed 960K, reserved 1048576K
}
Event: 1.190 {metaspace After GC invocations=8 (full 0):
 Metaspace       used 7186K, committed 7424K, reserved 1114112K
  class space    used 870K, committed 960K, reserved 1048576K
}
Event: 1.867 {metaspace Before GC invocations=8 (full 0):
 Metaspace       used 13161K, committed 13440K, reserved 1114112K
  class space    used 1612K, committed 1728K, reserved 1048576K
}
Event: 1.874 {metaspace After GC invocations=9 (full 0):
 Metaspace       used 13161K, committed 13440K, reserved 1114112K
  class space    used 1612K, committed 1728K, reserved 1048576K
}
Event: 2.256 {metaspace Before GC invocations=9 (full 0):
 Metaspace       used 17703K, committed 17984K, reserved 1114112K
  class space    used 2240K, committed 2368K, reserved 1048576K
}
Event: 2.261 {metaspace After GC invocations=10 (full 0):
 Metaspace       used 17703K, committed 17984K, reserved 1114112K
  class space    used 2240K, committed 2368K, reserved 1048576K
}
Event: 2.766 {metaspace Before GC invocations=10 (full 0):
 Metaspace       used 20193K, committed 20480K, reserved 1114112K
  class space    used 2486K, committed 2624K, reserved 1048576K
}
Event: 2.773 {metaspace After GC invocations=11 (full 0):
 Metaspace       used 20193K, committed 20480K, reserved 1114112K
  class space    used 2486K, committed 2624K, reserved 1048576K
}
Event: 3.100 {metaspace Before GC invocations=11 (full 0):
 Metaspace       used 21267K, committed 21504K, reserved 1114112K
  class space    used 2625K, committed 2752K, reserved 1048576K
}
Event: 3.108 {metaspace After GC invocations=12 (full 0):
 Metaspace       used 21267K, committed 21504K, reserved 1114112K
  class space    used 2625K, committed 2752K, reserved 1048576K
}
Event: 4.060 {metaspace Before GC invocations=13 (full 0):
 Metaspace       used 25412K, committed 25728K, reserved 1114112K
  class space    used 3233K, committed 3392K, reserved 1048576K
}
Event: 4.073 {metaspace After GC invocations=14 (full 0):
 Metaspace       used 25412K, committed 25728K, reserved 1114112K
  class space    used 3233K, committed 3392K, reserved 1048576K
}
Event: 5.008 {metaspace Before GC invocations=14 (full 0):
 Metaspace       used 29743K, committed 30208K, reserved 1114112K
  class space    used 3839K, committed 4032K, reserved 1048576K
}
Event: 5.028 {metaspace After GC invocations=15 (full 0):
 Metaspace       used 29743K, committed 30208K, reserved 1114112K
  class space    used 3839K, committed 4032K, reserved 1048576K
}
Event: 6.574 {metaspace Before GC invocations=15 (full 0):
 Metaspace       used 35734K, committed 36096K, reserved 1114112K
  class space    used 4755K, committed 4928K, reserved 1048576K
}
Event: 6.584 {metaspace After GC invocations=16 (full 0):
 Metaspace       used 35734K, committed 36096K, reserved 1114112K
  class space    used 4755K, committed 4928K, reserved 1048576K
}
Event: 8.724 {metaspace Before GC invocations=17 (full 0):
 Metaspace       used 44174K, committed 44736K, reserved 1114112K
  class space    used 6093K, committed 6336K, reserved 1048576K
}
Event: 8.740 {metaspace After GC invocations=18 (full 0):
 Metaspace       used 44174K, committed 44736K, reserved 1114112K
  class space    used 6093K, committed 6336K, reserved 1048576K
}

Dll operation events (20 events):
Event: 0.010 Attempting to load shared library C:\Program Files\Java\jdk-26.0.1\bin\java.dll
Event: 0.012 Loaded shared library C:\Program Files\Java\jdk-26.0.1\bin\java.dll
Event: 0.050 Attempting to load shared library C:\Program Files\Java\jdk-26.0.1\bin\net.dll
Event: 0.050 Loaded shared library C:\Program Files\Java\jdk-26.0.1\bin\net.dll
Event: 0.052 Attempting to load shared library C:\Program Files\Java\jdk-26.0.1\bin\nio.dll
Event: 0.052 Loaded shared library C:\Program Files\Java\jdk-26.0.1\bin\nio.dll
Event: 0.057 Attempting to load shared library C:\Program Files\Java\jdk-26.0.1\bin\zip.dll
Event: 0.058 Loaded shared library C:\Program Files\Java\jdk-26.0.1\bin\zip.dll
Event: 0.109 Attempting to load shared library C:\Program Files\Java\jdk-26.0.1\bin\jimage.dll
Event: 0.109 Loaded shared library C:\Program Files\Java\jdk-26.0.1\bin\jimage.dll
Event: 2.299 Attempting to load shared library C:\Program Files\Java\jdk-26.0.1\bin\sunmscapi.dll
Event: 2.302 Loaded shared library C:\Program Files\Java\jdk-26.0.1\bin\sunmscapi.dll
Event: 4.811 Attempting to load shared library C:\Program Files\Java\jdk-26.0.1\bin\verify.dll
Event: 4.812 Loaded shared library C:\Program Files\Java\jdk-26.0.1\bin\verify.dll
Event: 8.623 Attempting to load shared library C:\Program Files\Java\jdk-26.0.1\bin\management.dll
Event: 8.624 Loaded shared library C:\Program Files\Java\jdk-26.0.1\bin\management.dll
Event: 8.629 Attempting to load shared library C:\Program Files\Java\jdk-26.0.1\bin\management_ext.dll
Event: 8.630 Loaded shared library C:\Program Files\Java\jdk-26.0.1\bin\management_ext.dll
Event: 10.174 Attempting to load shared library C:\Program Files\Java\jdk-26.0.1\bin\extnet.dll
Event: 10.178 Loaded shared library C:\Program Files\Java\jdk-26.0.1\bin\extnet.dll

Deoptimization events (20 events):
Event: 10.198 Thread 0x00000205ac4c0780 Uncommon trap: trap_request=0xffffffc6 fr.pc=0x0000020597fa36dc relative=0x000000000000015c
Event: 10.198 Thread 0x00000205ac4c0780 Uncommon trap: reason=bimorphic_or_optimized_type_check action=maybe_recompile pc=0x0000020597fa36dc method=java.util.concurrent.locks.AbstractQueuedSynchronizer.release(I)Z @ 2 c2
Event: 10.198 Thread 0x00000205ac4c0780 DEOPT PACKING pc=0x0000020597fa36dc sp=0x00000013b67ff2c0
Event: 10.198 Thread 0x00000205ac4c0780 DEOPT UNPACKING pc=0x0000020597823902 sp=0x00000013b67ff258 mode 2
Event: 10.199 Thread 0x00000205ac4bf010 Uncommon trap: trap_request=0xffffffc6 fr.pc=0x0000020597fa36dc relative=0x000000000000015c
Event: 10.199 Thread 0x00000205ac4bf010 Uncommon trap: reason=bimorphic_or_optimized_type_check action=maybe_recompile pc=0x0000020597fa36dc method=java.util.concurrent.locks.AbstractQueuedSynchronizer.release(I)Z @ 2 c2
Event: 10.199 Thread 0x00000205ac4bf010 DEOPT PACKING pc=0x0000020597fa36dc sp=0x00000013b68ff490
Event: 10.199 Thread 0x00000205ac4bf010 DEOPT UNPACKING pc=0x0000020597823902 sp=0x00000013b68ff428 mode 2
Event: 10.199 Thread 0x00000205ac4bffb0 Uncommon trap: trap_request=0xffffffc6 fr.pc=0x0000020597fa36dc relative=0x000000000000015c
Event: 10.199 Thread 0x00000205ac4bffb0 Uncommon trap: reason=bimorphic_or_optimized_type_check action=maybe_recompile pc=0x0000020597fa36dc method=java.util.concurrent.locks.AbstractQueuedSynchronizer.release(I)Z @ 2 c2
Event: 10.199 Thread 0x00000205ac4bffb0 DEOPT PACKING pc=0x0000020597fa36dc sp=0x00000013b65ff440
Event: 10.199 Thread 0x00000205ac4bffb0 DEOPT UNPACKING pc=0x0000020597823902 sp=0x00000013b65ff3d8 mode 2
Event: 10.240 Thread 0x0000020585162ba0 Uncommon trap: trap_request=0xffffff45 fr.pc=0x0000020597db70e0 relative=0x00000000000002e0
Event: 10.240 Thread 0x0000020585162ba0 Uncommon trap: reason=unstable_if action=reinterpret pc=0x0000020597db70e0 method=java.lang.String.<init>(Ljava/nio/charset/Charset;[BII)V @ 2 c2
Event: 10.240 Thread 0x0000020585162ba0 DEOPT PACKING pc=0x0000020597db70e0 sp=0x00000013b1efe1c0
Event: 10.240 Thread 0x0000020585162ba0 DEOPT UNPACKING pc=0x0000020597823902 sp=0x00000013b1efe108 mode 2
Event: 10.241 Thread 0x0000020585162ba0 Uncommon trap: trap_request=0xffffffde fr.pc=0x0000020597cdaed4 relative=0x0000000000000154
Event: 10.241 Thread 0x0000020585162ba0 Uncommon trap: reason=class_check action=maybe_recompile pc=0x0000020597cdaed4 method=java.nio.ByteBuffer.putBuffer(ILjava/nio/ByteBuffer;II)V @ 1 c2
Event: 10.241 Thread 0x0000020585162ba0 DEOPT PACKING pc=0x0000020597cdaed4 sp=0x00000013b1efe0c0
Event: 10.241 Thread 0x0000020585162ba0 DEOPT UNPACKING pc=0x0000020597823902 sp=0x00000013b1efe068 mode 2

Classes loaded (20 events):
Event: 10.216 Loading class sun/net/NetProperties
Event: 10.216 Loading class sun/net/NetProperties done
Event: 10.224 Loading class java/lang/Enum$EnumDesc
Event: 10.224 Loading class java/lang/Enum$EnumDesc done
Event: 10.241 Loading class jdk/internal/event/SocketWriteEvent
Event: 10.241 Loading class jdk/internal/event/SocketWriteEvent done
Event: 10.243 Loading class jdk/internal/event/SocketReadEvent
Event: 10.244 Loading class jdk/internal/event/SocketReadEvent done
Event: 10.244 Loading class java/nio/BufferMismatch
Event: 10.244 Loading class java/nio/BufferMismatch done
Event: 10.245 Loading class sun/nio/ch/SourceChannelImpl
Event: 10.247 Loading class java/nio/channels/Pipe$SourceChannel
Event: 10.247 Loading class java/nio/channels/Pipe$SourceChannel done
Event: 10.247 Loading class sun/nio/ch/SourceChannelImpl done
Event: 10.250 Loading class sun/nio/ch/SinkChannelImpl
Event: 10.255 Loading class java/nio/channels/Pipe$SinkChannel
Event: 10.255 Loading class java/nio/channels/Pipe$SinkChannel done
Event: 10.255 Loading class sun/nio/ch/SinkChannelImpl done
Event: 10.266 Loading class java/util/TreeMap$ValueSpliterator
Event: 10.267 Loading class java/util/TreeMap$ValueSpliterator done

Classes unloaded (0 events):
No events

Classes redefined (0 events):
No events

Internal exceptions (20 events):
Event: 8.377 Thread 0x0000020585162ba0 Exception <a 'java/lang/NoSuchMethodError'{0x0000000094540278}: 'java.lang.Object java.lang.invoke.DirectMethodHandle$Holder.newInvokeSpecial(java.lang.Object, java.lang.Object, java.lang.Object, java.lang.Object, java.lang.Object, java.lang.Object, java.lang.Object, java.lang.Object, java.lang.Object)'> (0x0000000094540278) 
thrown [s\open\src\hotspot\share\interpreter\linkResolver.cpp, line 804]
Event: 8.431 Thread 0x0000020585162ba0 Exception <a 'java/lang/ClassNotFoundException'{0x00000000944d1cc0}: org/springframework/boot/loader/net/protocol/http/Handler> (0x00000000944d1cc0) 
thrown [s\open\src\hotspot\share\classfile\systemDictionary.cpp, line 329]
Event: 8.507 Thread 0x0000020585162ba0 Exception <a 'java/lang/NoSuchMethodError'{0x0000000093f585b8}: 'java.lang.Object java.lang.invoke.DirectMethodHandle$Holder.invokeVirtual(java.lang.Object, java.lang.Object, java.lang.Object, java.lang.Object, java.lang.Object, java.lang.Object, java.lang.Object)'> (0x0000000093f585b8) 
thrown [s\open\src\hotspot\share\interpreter\linkResolver.cpp, line 804]
Event: 8.710 Thread 0x0000020585162ba0 Exception <a 'java/lang/NoSuchMethodError'{0x00000000938b7a28}: 'double java.lang.invoke.DirectMethodHandle$Holder.invokeStatic(java.lang.Object, java.lang.Object)'> (0x00000000938b7a28) 
thrown [s\open\src\hotspot\share\interpreter\linkResolver.cpp, line 804]
Event: 8.762 Thread 0x00000205a4bae390 Exception <a 'java/lang/NoSuchMethodError'{0x00000000fffbb498}: 'long java.lang.invoke.DirectMethodHandle$Holder.invokeStatic(java.lang.Object, long, long)'> (0x00000000fffbb498) 
thrown [s\open\src\hotspot\share\interpreter\linkResolver.cpp, line 804]
Event: 9.180 Thread 0x0000020585162ba0 Exception <a 'java/lang/NoSuchMethodError'{0x000000009b8dfd60}: 'java.lang.Object java.lang.invoke.DirectMethodHandle$Holder.invokeStatic(java.lang.Object, java.lang.Object, java.lang.Object, java.lang.Object, java.lang.Object, java.lang.Object, java.lang.Object, java.lang.Object, java.lang.Object, java.lang.Object)'> (0x000000009b8dfd60) 
thrown [s\open\src\hotspot\share\interpreter\linkResolver.cpp, line 804]
Event: 9.431 Thread 0x0000020585162ba0 Exception <a 'sun/nio/fs/WindowsException'{0x000000009a7f3ae8}> (0x000000009a7f3ae8) 
thrown [s\open\src\hotspot\share\prims\jni.cpp, line 514]
Event: 9.699 Thread 0x0000020585162ba0 Exception <a 'java/lang/IncompatibleClassChangeError'{0x0000000099946e98}: Found class java.lang.Object, but interface was expected> (0x0000000099946e98) 
thrown [s\open\src\hotspot\share\interpreter\linkResolver.cpp, line 871]
Event: 9.896 Thread 0x0000020585162ba0 Exception <a 'java/lang/NoSuchMethodError'{0x00000000992eeb48}: 'long java.lang.invoke.DirectMethodHandle$Holder.invokeStatic(java.lang.Object)'> (0x00000000992eeb48) 
thrown [s\open\src\hotspot\share\interpreter\linkResolver.cpp, line 804]
Event: 9.928 Thread 0x0000020585162ba0 Exception <a 'java/lang/NoSuchMethodError'{0x0000000098f70fb0}: 'java.lang.Object java.lang.invoke.DirectMethodHandle$Holder.invokeStatic(java.lang.Object, java.lang.Object, java.lang.Object, java.lang.Object, java.lang.Object, java.lang.Object, int)'> (0x0000000098f70fb0) 
thrown [s\open\src\hotspot\share\interpreter\linkResolver.cpp, line 804]
Event: 9.985 Thread 0x0000020585162ba0 Exception <a 'java/lang/NoSuchMethodError'{0x00000000981a20d0}: 'java.lang.Object java.lang.invoke.DirectMethodHandle$Holder.invokeVirtual(java.lang.Object, java.lang.Object, java.lang.Object, java.lang.Object, java.lang.Object, java.lang.Object, java.lang.Object, java.lang.Object, java.lang.Object)'> (0x00000000981a20d0) 
thrown [s\open\src\hotspot\share\interpreter\linkResolver.cpp, line 804]
Event: 9.990 Thread 0x0000020585162ba0 Exception <a 'java/lang/NoSuchMethodError'{0x00000000981f8318}: 'java.lang.Object java.lang.invoke.DirectMethodHandle$Holder.invokeStatic(java.lang.Object, java.lang.Object, java.lang.Object, java.lang.Object, java.lang.Object, java.lang.Object, java.lang.Object, java.lang.Object, java.lang.Object, java.lang.Object, java.lang.Object)'> (0x00000000981f8318) 
thrown [s\open\src\hotspot\share\interpreter\linkResolver.cpp, line 804]
Event: 9.993 Thread 0x0000020585162ba0 Exception <a 'java/lang/NoSuchMethodError'{0x000000009802b878}: 'java.lang.Object java.lang.invoke.DirectMethodHandle$Holder.invokeStatic(java.lang.Object, java.lang.Object, java.lang.Object, java.lang.Object, java.lang.Object, java.lang.Object, java.lang.Object, java.lang.Object, java.lang.Object, java.lang.Object, java.lang.Object, java.lang.Object)'> (0x000000009802b878) 
thrown [s\open\src\hotspot\share\interpreter\linkResolver.cpp, line 804]
Event: 10.052 Thread 0x0000020585162ba0 Exception <a 'java/lang/NoSuchMethodError'{0x0000000097e42058}: 'void java.lang.invoke.DirectMethodHandle$Holder.invokeStatic(java.lang.Object, java.lang.Object, double)'> (0x0000000097e42058) 
thrown [s\open\src\hotspot\share\interpreter\linkResolver.cpp, line 804]
Event: 10.073 Thread 0x0000020585162ba0 Exception <a 'java/lang/NoSuchMethodError'{0x0000000097d2cb38}: 'double java.lang.invoke.DirectMethodHandle$Holder.invokeStatic(java.lang.Object, java.lang.Object, java.lang.Object)'> (0x0000000097d2cb38) 
thrown [s\open\src\hotspot\share\interpreter\linkResolver.cpp, line 804]
Event: 10.102 Thread 0x0000020585162ba0 Exception <a 'java/lang/NoSuchMethodError'{0x0000000097c3b1a8}: 'java.lang.Object java.lang.invoke.DirectMethodHandle$Holder.newInvokeSpecial(java.lang.Object, java.lang.Object, int, java.lang.Object, java.lang.Object)'> (0x0000000097c3b1a8) 
thrown [s\open\src\hotspot\share\interpreter\linkResolver.cpp, line 804]
Event: 10.104 Thread 0x0000020585162ba0 Exception <a 'java/lang/NoSuchMethodError'{0x0000000097c43808}: 'java.lang.Object java.lang.invoke.Invokers$Holder.linkToTargetMethod(java.lang.Object, int, java.lang.Object, java.lang.Object, java.lang.Object)'> (0x0000000097c43808) 
thrown [s\open\src\hotspot\share\interpreter\linkResolver.cpp, line 804]
Event: 10.107 Thread 0x0000020585162ba0 Exception <a 'java/lang/NoSuchMethodError'{0x0000000097c4c170}: 'java.lang.Object java.lang.invoke.DirectMethodHandle$Holder.invokeSpecial(java.lang.Object, java.lang.Object, int, java.lang.Object, int, java.lang.Object)'> (0x0000000097c4c170) 
thrown [s\open\src\hotspot\share\interpreter\linkResolver.cpp, line 804]
Event: 10.108 Thread 0x0000020585162ba0 Exception <a 'java/lang/NoSuchMethodError'{0x0000000097c5c8e8}: 'java.lang.Object java.lang.invoke.DirectMethodHandle$Holder.newInvokeSpecial(java.lang.Object, java.lang.Object, int, java.lang.Object, int)'> (0x0000000097c5c8e8) 
thrown [s\open\src\hotspot\share\interpreter\linkResolver.cpp, line 804]
Event: 10.108 Thread 0x0000020585162ba0 Exception <a 'java/lang/NoSuchMethodError'{0x0000000097c65180}: 'java.lang.Object java.lang.invoke.DirectMethodHandle$Holder.invokeSpecial(java.lang.Object, java.lang.Object, java.lang.Object, int, java.lang.Object, int)'> (0x0000000097c65180) 
thrown [s\open\src\hotspot\share\interpreter\linkResolver.cpp, line 804]

VM Operations (20 events):
Event: 8.857 Executing non-safepoint VM operation: HandshakeAllThreads (Deoptimize)
Event: 8.857 Executing non-safepoint VM operation: HandshakeAllThreads (Deoptimize) done
Event: 9.409 Executing non-safepoint VM operation: HandshakeAllThreads (Deoptimize)
Event: 9.410 Executing non-safepoint VM operation: HandshakeAllThreads (Deoptimize) done
Event: 9.434 Executing non-safepoint VM operation: HandshakeAllThreads (Deoptimize)
Event: 9.434 Executing non-safepoint VM operation: HandshakeAllThreads (Deoptimize) done
Event: 9.504 Executing non-safepoint VM operation: HandshakeAllThreads (Deoptimize)
Event: 9.505 Executing non-safepoint VM operation: HandshakeAllThreads (Deoptimize) done
Event: 9.529 Executing non-safepoint VM operation: HandshakeAllThreads (Deoptimize)
Event: 9.529 Executing non-safepoint VM operation: HandshakeAllThreads (Deoptimize) done
Event: 9.694 Executing non-safepoint VM operation: HandshakeAllThreads (Deoptimize)
Event: 9.694 Executing non-safepoint VM operation: HandshakeAllThreads (Deoptimize) done
Event: 9.852 Executing non-safepoint VM operation: HandshakeAllThreads (Deoptimize)
Event: 9.852 Executing non-safepoint VM operation: HandshakeAllThreads (Deoptimize) done
Event: 10.079 Executing non-safepoint VM operation: HandshakeAllThreads (Deoptimize)
Event: 10.079 Executing non-safepoint VM operation: HandshakeAllThreads (Deoptimize) done
Event: 10.161 Executing non-safepoint VM operation: HandshakeAllThreads (Deoptimize)
Event: 10.162 Executing non-safepoint VM operation: HandshakeAllThreads (Deoptimize) done
Event: 10.211 Executing non-safepoint VM operation: HandshakeAllThreads (Deoptimize)
Event: 10.211 Executing non-safepoint VM operation: HandshakeAllThreads (Deoptimize) done

Memory protections (0 events):
No events

Nmethod flushes (20 events):
Event: 6.608 Thread 0x00000205a4af3240 flushing  nmethod 0x0000020590404708
Event: 6.608 Thread 0x00000205a4af3240 flushing  nmethod 0x000002059044c408
Event: 6.608 Thread 0x00000205a4af3240 flushing  nmethod 0x000002059044da08
Event: 6.608 Thread 0x00000205a4af3240 flushing  nmethod 0x000002059045d888
Event: 6.608 Thread 0x00000205a4af3240 flushing  nmethod 0x000002059045e588
Event: 6.608 Thread 0x00000205a4af3240 flushing  nmethod 0x000002059045ee08
Event: 6.608 Thread 0x00000205a4af3240 flushing  nmethod 0x0000020590480508
Event: 6.608 Thread 0x00000205a4af3240 flushing  nmethod 0x00000205904b8888
Event: 6.608 Thread 0x00000205a4af3240 flushing  nmethod 0x0000020590512c88
Event: 6.608 Thread 0x00000205a4af3240 flushing  nmethod 0x0000020590515408
Event: 6.608 Thread 0x00000205a4af3240 flushing  nmethod 0x0000020590541a88
Event: 6.608 Thread 0x00000205a4af3240 flushing  nmethod 0x000002059057bf08
Event: 6.608 Thread 0x00000205a4af3240 flushing  nmethod 0x000002059057cc08
Event: 6.608 Thread 0x00000205a4af3240 flushing  nmethod 0x00000205905a6b88
Event: 6.608 Thread 0x00000205a4af3240 flushing  nmethod 0x00000205905ab408
Event: 6.608 Thread 0x00000205a4af3240 flushing  nmethod 0x00000205905b1808
Event: 6.608 Thread 0x00000205a4af3240 flushing  nmethod 0x0000020590623308
Event: 6.608 Thread 0x00000205a4af3240 flushing  nmethod 0x0000020590640888
Event: 6.608 Thread 0x00000205a4af3240 flushing  nmethod 0x0000020590645588
Event: 6.608 Thread 0x00000205a4af3240 flushing  nmethod 0x00000205906bc588

Events (20 events):
Event: 9.933 Thread 0x0000020585162ba0 Thread added: 0x00000205a936f9f0
Event: 9.933 Thread 0x0000020585162ba0 Thread added: 0x00000205a93701c0
Event: 9.934 Thread 0x0000020585162ba0 Thread added: 0x00000205ab8e4830
Event: 9.945 Thread 0x0000020585162ba0 Thread added: 0x00000205ab8eb590
Event: 9.947 Thread 0x0000020585162ba0 Thread added: 0x00000205ac4bb960
Event: 9.952 Thread 0x0000020585162ba0 Thread added: 0x00000205ac4bc900
Event: 10.139 Thread 0x0000020585162ba0 Thread added: 0x00000205ac4bb190
Event: 10.196 Thread 0x0000020585162ba0 Thread added: 0x00000205ac4be070
Event: 10.197 Thread 0x0000020585162ba0 Thread added: 0x00000205ac4bffb0
Event: 10.197 Thread 0x0000020585162ba0 Thread added: 0x00000205ac4bf7e0
Event: 10.197 Thread 0x0000020585162ba0 Thread added: 0x00000205ac4c0780
Event: 10.197 Thread 0x0000020585162ba0 Thread added: 0x00000205ac4bf010
Event: 10.197 Thread 0x0000020585162ba0 Thread added: 0x00000205ac4be840
Event: 10.198 Thread 0x0000020585162ba0 Thread added: 0x00000205a4cb1280
Event: 10.198 Thread 0x0000020585162ba0 Thread added: 0x00000205a4cb3990
Event: 10.198 Thread 0x0000020585162ba0 Thread added: 0x00000205a4cb5100
Event: 10.198 Thread 0x0000020585162ba0 Thread added: 0x00000205a4cb4930
Event: 10.262 Thread 0x0000020585162ba0 Thread added: 0x00000205a4cb7040
Event: 10.265 Thread 0x0000020585162ba0 Thread added: 0x00000205a4cb7fe0
Event: 10.270 Thread 0x00000205ac4bb190 Thread exited: 0x00000205ac4bb190


Dynamic libraries:
0x00007ff69fda0000 - 0x00007ff69fdb0000 	C:\Program Files\Java\jdk-26.0.1\bin\java.exe
0x00007fff751a0000 - 0x00007fff75406000 	C:\WINDOWS\SYSTEM32\ntdll.dll
0x00007fff73ed0000 - 0x00007fff73f99000 	C:\WINDOWS\System32\KERNEL32.DLL
0x00007fff725f0000 - 0x00007fff729f0000 	C:\WINDOWS\System32\KERNELBASE.dll
0x00007fff72b80000 - 0x00007fff72ccc000 	C:\WINDOWS\System32\ucrtbase.dll
0x00007fff5f720000 - 0x00007fff5f73e000 	C:\Program Files\Java\jdk-26.0.1\bin\VCRUNTIME140.dll
0x00007fff5f6e0000 - 0x00007fff5f6f7000 	C:\Program Files\Java\jdk-26.0.1\bin\jli.dll
0x00007fff74a50000 - 0x00007fff74c17000 	C:\WINDOWS\System32\USER32.dll
0x00007fff72530000 - 0x00007fff72557000 	C:\WINDOWS\System32\win32u.dll
0x00007fff5c160000 - 0x00007fff5c3f2000 	C:\WINDOWS\WinSxS\amd64_microsoft.windows.common-controls_6595b64144ccf1df_6.0.26100.8737_none_3e092eaee333b772\COMCTL32.dll
0x00007fff74240000 - 0x00007fff7426b000 	C:\WINDOWS\System32\GDI32.dll
0x00007fff74270000 - 0x00007fff74319000 	C:\WINDOWS\System32\msvcrt.dll
0x00007fff72da0000 - 0x00007fff72ec9000 	C:\WINDOWS\System32\gdi32full.dll
0x00007fff723c0000 - 0x00007fff72463000 	C:\WINDOWS\System32\msvcp_win.dll
0x00007fff74da0000 - 0x00007fff74dd2000 	C:\WINDOWS\System32\IMM32.DLL
0x00007fff64d10000 - 0x00007fff64d1c000 	C:\Program Files\Java\jdk-26.0.1\bin\vcruntime140_1.dll
0x00007fff2c610000 - 0x00007fff2c69d000 	C:\Program Files\Java\jdk-26.0.1\bin\msvcp140.dll
0x00007ffe82cc0000 - 0x00007ffe83b8e000 	C:\Program Files\Java\jdk-26.0.1\bin\server\jvm.dll
0x00007fff74410000 - 0x00007fff744c7000 	C:\WINDOWS\System32\ADVAPI32.dll
0x00007fff73e20000 - 0x00007fff73eca000 	C:\WINDOWS\System32\sechost.dll
0x00007fff75040000 - 0x00007fff75158000 	C:\WINDOWS\System32\RPCRT4.dll
0x00007fff73790000 - 0x00007fff73810000 	C:\WINDOWS\System32\WS2_32.dll
0x00007fff72220000 - 0x00007fff7227e000 	C:\WINDOWS\SYSTEM32\POWRPROF.dll
0x00007fff66e70000 - 0x00007fff66ea6000 	C:\WINDOWS\SYSTEM32\WINMM.dll
0x00007fff66880000 - 0x00007fff6688b000 	C:\WINDOWS\SYSTEM32\VERSION.dll
0x00007fff72200000 - 0x00007fff72214000 	C:\WINDOWS\SYSTEM32\UMPDC.dll
0x00007fff710a0000 - 0x00007fff710bb000 	C:\WINDOWS\SYSTEM32\kernel.appcore.dll
0x00007fff64520000 - 0x00007fff6452a000 	C:\Program Files\Java\jdk-26.0.1\bin\jimage.dll
0x00007fff6f500000 - 0x00007fff6f742000 	C:\WINDOWS\SYSTEM32\DBGHELP.DLL
0x00007fff744d0000 - 0x00007fff74853000 	C:\WINDOWS\System32\combase.dll
0x00007fff74330000 - 0x00007fff74409000 	C:\WINDOWS\System32\OLEAUT32.dll
0x00007fff53570000 - 0x00007fff535ab000 	C:\WINDOWS\SYSTEM32\dbgcore.DLL
0x00007fff72ce0000 - 0x00007fff72d8c000 	C:\WINDOWS\System32\bcryptPrimitives.dll
0x00007fff5f0a0000 - 0x00007fff5f0bf000 	C:\Program Files\Java\jdk-26.0.1\bin\java.dll
0x00007fff74de0000 - 0x00007fff74f79000 	C:\WINDOWS\System32\ole32.dll
0x00007fff72ff0000 - 0x00007fff73782000 	C:\WINDOWS\System32\SHELL32.dll
0x00007fff6fe80000 - 0x00007fff70712000 	C:\WINDOWS\SYSTEM32\windows.storage.dll
0x00007fff74870000 - 0x00007fff74967000 	C:\WINDOWS\System32\SHCORE.dll
0x00007fff741d0000 - 0x00007fff74237000 	C:\WINDOWS\System32\shlwapi.dll
0x00007fff722b0000 - 0x00007fff722d9000 	C:\WINDOWS\SYSTEM32\profapi.dll
0x00007fff5efe0000 - 0x00007fff5eff2000 	C:\Program Files\Java\jdk-26.0.1\bin\net.dll
0x00007fff71650000 - 0x00007fff716bc000 	C:\WINDOWS\system32\mswsock.dll
0x00007fff5edb0000 - 0x00007fff5edc6000 	C:\Program Files\Java\jdk-26.0.1\bin\nio.dll
0x00007fff5ed90000 - 0x00007fff5eda7000 	C:\Program Files\Java\jdk-26.0.1\bin\zip.dll
0x00007fff70a70000 - 0x00007fff70aa3000 	C:\WINDOWS\SYSTEM32\IPHLPAPI.DLL
0x00007fff74320000 - 0x00007fff7432a000 	C:\WINDOWS\System32\NSI.dll
0x00007fff70b00000 - 0x00007fff70c55000 	C:\WINDOWS\SYSTEM32\DNSAPI.dll
0x00007fff71450000 - 0x00007fff7145d000 	C:\WINDOWS\SYSTEM32\DSPARSE.dll
0x00007fff66bc0000 - 0x00007fff66bcb000 	C:\Windows\System32\rasadhlp.dll
0x00007fff66eb0000 - 0x00007fff66f36000 	C:\WINDOWS\System32\fwpuclnt.dll
0x00007fff613c0000 - 0x00007fff613ce000 	C:\Program Files\Java\jdk-26.0.1\bin\sunmscapi.dll
0x00007fff72a00000 - 0x00007fff72b78000 	C:\WINDOWS\System32\CRYPT32.dll
0x00007fff71b90000 - 0x00007fff71bc0000 	C:\WINDOWS\SYSTEM32\ncrypt.dll
0x00007fff71b40000 - 0x00007fff71b7f000 	C:\WINDOWS\SYSTEM32\NTASN1.dll
0x00007fff71950000 - 0x00007fff7196b000 	C:\WINDOWS\SYSTEM32\CRYPTSP.dll
0x00007fff71000000 - 0x00007fff71039000 	C:\WINDOWS\system32\rsaenh.dll
0x00007fff71710000 - 0x00007fff71742000 	C:\WINDOWS\SYSTEM32\USERENV.dll
0x00007fff722e0000 - 0x00007fff7230a000 	C:\WINDOWS\SYSTEM32\bcrypt.dll
0x00007fff71970000 - 0x00007fff7197c000 	C:\WINDOWS\SYSTEM32\CRYPTBASE.dll
0x00007fff5f6a0000 - 0x00007fff5f6b0000 	C:\Program Files\Java\jdk-26.0.1\bin\verify.dll
0x00007fff5f5a0000 - 0x00007fff5f5aa000 	C:\Program Files\Java\jdk-26.0.1\bin\management.dll
0x00007fff5ed80000 - 0x00007fff5ed8c000 	C:\Program Files\Java\jdk-26.0.1\bin\management_ext.dll
0x00007fff74fa0000 - 0x00007fff74fa8000 	C:\WINDOWS\System32\PSAPI.DLL
0x00007fff4c200000 - 0x00007fff4c218000 	C:\WINDOWS\system32\napinsp.dll
0x00007fff4c440000 - 0x00007fff4c453000 	C:\WINDOWS\System32\winrnr.dll
0x00007fff4c150000 - 0x00007fff4c172000 	C:\WINDOWS\system32\nlansp_c.dll
0x00007fff65ae0000 - 0x00007fff65af6000 	C:\WINDOWS\system32\wshbth.dll
0x00007fff5ed70000 - 0x00007fff5ed79000 	C:\Program Files\Java\jdk-26.0.1\bin\extnet.dll
0x00007fff34f50000 - 0x00007fff34f58000 	C:\WINDOWS\system32\wshunix.dll

JVMTI agents: none

dbghelp: loaded successfully - version: 4.0.5 - missing functions: none
symbol engine: initialized successfully - sym options: 0x614 - pdb path: .;C:\Program Files\Java\jdk-26.0.1\bin;C:\WINDOWS\SYSTEM32;C:\WINDOWS\WinSxS\amd64_microsoft.windows.common-controls_6595b64144ccf1df_6.0.26100.8737_none_3e092eaee333b772;C:\Program Files\Java\jdk-26.0.1\bin\server

VM Arguments:
java_command: eureka-server-1.0.0.jar
java_class_path (initial): eureka-server-1.0.0.jar
Launcher Type: SUN_STANDARD

[Global flags]
     bool AOTAdapterCaching                        = false                                  {diagnostic} {ergonomic}
     bool AOTInvokeDynamicLinking                  = false                                  {diagnostic} {ergonomic}
     bool AOTRecordTraining                        = false                                  {diagnostic} {ergonomic}
     bool AOTReplayTraining                        = false                                  {diagnostic} {ergonomic}
     bool AOTStubCaching                           = false                                  {diagnostic} {ergonomic}
     intx CICompilerCount                          = 4                                         {product} {ergonomic}
     uint ConcGCThreads                            = 3                                         {product} {ergonomic}
     uint G1ConcRefinementThreads                  = 10                                        {product} {ergonomic}
     uint G1EagerReclaimRemSetThreshold            = 10                                   {experimental} {ergonomic}
   size_t G1HeapRegionSize                         = 1048576                                   {product} {ergonomic}
     uint G1RemSetArrayOfCardsEntries              = 10                                   {experimental} {ergonomic}
     uint G1RemSetHowlMaxNumBuckets                = 8                                    {experimental} {ergonomic}
     uint G1RemSetHowlNumBuckets                   = 4                                    {experimental} {ergonomic}
   size_t InitialHeapSize                          = 8388608                                   {product} {ergonomic}
     bool IntelJccErratumMitigation                = false                             {ARCH diagnostic} {ergonomic}
   size_t MarkStackSize                            = 4194304                                   {product} {ergonomic}
   size_t MarkStackSizeMax                         = 536870912                                 {product} {ergonomic}
   size_t MaxHeapSize                              = 1931476992                                {product} {ergonomic}
   size_t MaxNewSize                               = 1158676480                                {product} {ergonomic}
 uint64_t MaxRAM                                   = 7722795008                                {product} {ergonomic}
   size_t MinHeapDeltaBytes                        = 1048576                                   {product} {ergonomic}
   size_t MinHeapSize                              = 8388608                                   {product} {ergonomic}
   size_t NonNMethodCodeHeapSize                   = 5898240                                {pd product} {ergonomic}
   size_t NonProfiledCodeHeapSize                  = 122945536                              {pd product} {ergonomic}
   size_t ProfiledCodeHeapSize                     = 122945536                              {pd product} {ergonomic}
   size_t ReservedCodeCacheSize                    = 251789312                              {pd product} {ergonomic}
     bool SegmentedCodeCache                       = true                                      {product} {ergonomic}
   size_t SoftMaxHeapSize                          = 1931476992                             {manageable} {ergonomic}
     bool UseCompressedOops                        = true                           {product lp64_product} {ergonomic}
     bool UseCondCardMark                          = true                                      {product} {ergonomic}
     bool UseFastUnorderedTimeStamps               = true                                 {experimental} {ergonomic}
     bool UseG1GC                                  = true                                      {product} {ergonomic}
     bool UseLargePagesIndividualAllocation        = false                                  {pd product} {ergonomic}
      int X86ICacheSync                            = 3                                 {ARCH diagnostic} {ergonomic}

Logging:
Log output configuration:
 #0: stdout all=warning uptime,level,tags foldmultilines=false
 #1: stderr all=off uptime,level,tags foldmultilines=false

Release file:
IMPLEMENTOR="Oracle Corporation" 
JAVA_RUNTIME_VERSION="26.0.1+8-34" 
JAVA_VERSION="26.0.1" 
JAVA_VERSION_DATE="2026-04-21" 
LIBC="default" 
MODULES="java.base java.compiler java.datatransfer java.xml java.prefs java.desktop java.instrument java.logging java.management java.security.sasl java.naming java.rmi java.management.rmi java.net.http java.scripting java.security.jgss java.transaction.xa java.sql java.sql.rowset java.xml.crypto java.se java.smartcardio jdk.accessibility jdk.internal.jvmstat jdk.attach jdk.charsets jdk.internal.opt jdk.zipfs jdk.compiler jdk.crypto.cryptoki jdk.crypto.ec jdk.crypto.mscapi jdk.dynalink jdk.internal.ed jdk.editpad jdk.internal.vm.ci jdk.graal.compiler jdk.graal.compiler.management jdk.hotspot.agent jdk.httpserver jdk.incubator.vector jdk.internal.le jdk.internal.md jdk.jartool jdk.javadoc jdk.jcmd jdk.management jdk.management.agent jdk.jconsole jdk.jdeps jdk.jdwp.agent jdk.jdi jdk.jfr jdk.jlink jdk.jpackage jdk.jshell jdk.jstatd jdk.localedata jdk.management.jfr jdk.naming.dns jdk.naming.rmi jdk.net jdk.nio.mapmode jdk.sctp jdk.security.auth jdk.security.jgss jdk.unsupported jdk.unsupported.desktop jdk.xml.dom" 
OS_ARCH="x86_64" 
OS_NAME="Windows" 
SOURCE=".:git:8fcde8268d22 open:git:fcc00fc4aee7" 

Environment Variables:
JAVA_HOME=C:\Program Files\Java\jdk-17
PATH=C:\Program Files\Common Files\Oracle\Java\javapath;C:\Program Files\Python312\Scripts\;C:\Program Files\Python312\;C:\Windows\system32;C:\Windows;C:\Windows\System32\Wbem;C:\Windows\System32\WindowsPowerShell\v1.0\;C:\Windows\System32\OpenSSH\;C:\Program Files (x86)\NVIDIA Corporation\PhysX\Common;C:\Program Files\NVIDIA Corporation\NVIDIA NvDLISR;C:\WINDOWS\system32;C:\WINDOWS;C:\WINDOWS\System32\Wbem;C:\WINDOWS\System32\WindowsPowerShell\v1.0\;C:\WINDOWS\System32\OpenSSH\;C:\MinGW\bin;C:\Program Files\Java\jdk-17\bin;C:\hadoop\bin;C:\hadoop\Sbin;C:\hadoop;C:\PIG\bin;C:\ffmpeg\bin;C:\Program Files (x86)\Windows Kits\10\Windows Performance Toolkit\;C:\Program Files\Git\cmd;%JAVA_HOME%\bin;C:\Program Files\nodejs\;C:\Users\LENOVO\Downloads\apache-maven-3.9.11-bin\apache-maven-3.9.11\bin;C:\Program Files\cursor\resources\app\bin;C:\Users\LENOVO\AppData\Local\Ollama;C:\Users\LENOVO\Downloads\apache-maven-3.9.16-bin\apache-maven-3.9.16\bin;C:\Program Files\MySQL\MySQL Server 8.0\bin;C:\Program Files\MySQL\MySQL Shell 8.0\bin\;C:\Users\LENOVO\AppData\Local\Microsoft\WindowsApps;C:\Users\LENOVO\AppData\Local\Programs\Microsoft VS Code\bin;C:\Users\LENOVO\AppData\Local\Programs\cursor\resources\app\bin;C:\Users\LENOVO\AppData\Local\Programs\Windsurf\bin;C:\Flutter\flutter\bin;C:\Program Files\Git\bin;C:\Program Files\Git\cmd;C:\Users\LENOVO\AppData\Local\Android\Sdk;C:\Users\LENOVO\AppData\Roaming\npm;C:\Program Files\JetBrains\IntelliJ IDEA Community Edition 2025.2\bin;C:\Users\LENOVO\AppData\Local\GitHubDesktop\bin;C:\Users\LENOVO\AppData\Local\Programs\Antigravity\bin;C:\Users\LENOVO\AppData\Local\Programs\Ollama;C:\Users\LENOVO\AppData\Local\Programs\Antigravity IDE\bin
USERNAME=LENOVO
LANG=en_US.UTF-8
OS=Windows_NT
PROCESSOR_IDENTIFIER=AMD64 Family 25 Model 68 Stepping 1, AuthenticAMD
TMP=C:\Users\LENOVO\AppData\Local\Temp
TEMP=C:\Users\LENOVO\AppData\Local\Temp




Compilation memory statistics disabled.

Periodic native trim disabled

---------------  S Y S T E M  ---------------

OS:
 Windows 11 , 64 bit Build 26100 (10.0.26100.8737)
OS uptime: 0 days 4:24 hours

CPU: total 12 (initial active 12) (6 cores per cpu, 2 threads per core) family 25 model 68 stepping 1 microcode 0xa404107, cx8, cmov, fxsr, ht, mmx, 3dnowpref, sse, sse2, sse3, ssse3, sse4a, sse4.1, sse4.2, popcnt, lzcnt, tsc, tscinvbit, avx, avx2, aes, erms, clmul, bmi1, bmi2, adx, sha, fma, vzeroupper, clflush, clflushopt, clwb, rdtscp, rdpid, fsrm, f16c, pku, cet_ss
Processor Information for processor 0
  Max Mhz: 3301, Current Mhz: 2503, Mhz Limit: 3301
Processor Information for processor 1
  Max Mhz: 3301, Current Mhz: 2503, Mhz Limit: 3301
Processor Information for processor 2
  Max Mhz: 3301, Current Mhz: 2503, Mhz Limit: 3301
Processor Information for processor 3
  Max Mhz: 3301, Current Mhz: 2008, Mhz Limit: 3301
Processor Information for processor 4
  Max Mhz: 3301, Current Mhz: 2503, Mhz Limit: 3301
Processor Information for processor 5
  Max Mhz: 3301, Current Mhz: 2503, Mhz Limit: 3301
Processor Information for processor 6
  Max Mhz: 3301, Current Mhz: 2008, Mhz Limit: 3301
Processor Information for processor 7
  Max Mhz: 3301, Current Mhz: 2503, Mhz Limit: 3301
Processor Information for processor 8
  Max Mhz: 3301, Current Mhz: 2503, Mhz Limit: 3301
Processor Information for processor 9
  Max Mhz: 3301, Current Mhz: 2008, Mhz Limit: 3301
Processor Information for processor 10
  Max Mhz: 3301, Current Mhz: 2008, Mhz Limit: 3301
Processor Information for processor 11
  Max Mhz: 3301, Current Mhz: 2503, Mhz Limit: 3301

Memory: 4k page, system-wide physical 7365M (392M free)
TotalPageFile size 23751M (AvailPageFile size 53M)
current process WorkingSet (physical memory assigned to process): 437M, peak: 438M
current process commit charge ("private bytes"): 481M, peak: 488M

vm_info: Java HotSpot(TM) 64-Bit Server VM (26.0.1+8-34) for windows-amd64 JRE (26.0.1+8-34), built on 2026-03-10T17:24:10Z with MS VC++ 17.13 (VS2022)

END.
